validScientificName,scientificNameAuthorship,popularName,phylum,order,family,genus,taxonRank,iucnRedListCategory,riskCategory,decimalLongitude,decimalLatitude,coordinateUncertaintyInMeters,year,taxonomicStatus,nomenclaturalStatus,New.accepted,Old.name,One.Reason,datasetKey,seedStructure,lifeCycleHabit,growthHabit,c,s,r,csr,priority,biodiversityRelevance,nectarProduction,heatRequirement,coldRequirement,tempOptimum,continentality,light,moisture,soilReaction,nitrogen,phosphorus,salinity,grazing.Mowing,soilDisturbance,longevity,pollinatorDependence,phenology,extremePhenology,seedDormancy,seedBank,seedDisperser,nitrogenFixation,photosyntheticPathway,mycorrhiza,carnivory,parasitism,siliceousRock,ultrabasicRock,calcareousRock,dryHeath,dryMeadow,steppicMeadow,sandSteppe,moistHeath,moistMeadow,moistCalcareousMeadow,raisedBog,poor.AcidicFen,intermediate.RichFen,rich.CalcareousFen,tallHerb.Sedge.ReedMeadow,oligotrophicWater.Shores,mesotrophicWater.Shores,eutrophicWater.Shores,sandy.Stony.RockySeaShores,seaShoreMeadows,base.PoorWasteland,base.RichWasteland,arableLand,gravellyGround,ruderal,hedgerows.Thickets.Wood.MarginsandGroves,heath.TypeDeciduousForest,intermediateDeciduousForest,herb.RichDeciduousForest,alnusGlutinosaSwamp,fraxinus.Ulmus.AlnusIncanaSwamp,pinus.BetulaSwamp,piceaSwamp,heath.TypeConiferousForest,vaccinium.TypeConiferousForest,herb.RichConiferousForest,cacareousConiferForest,subalpineBetulaForest
Festuca ovina L.,"",sauesvingel,Tracheophyta,Poales,"","","",NE,LC,10.423522,63.445355,1000,1990,"","",FALSE,"",no match found,f06ed729-104f-4e51-9db3-dfd9b228a1be,Monocot,perennial,graminoid,1.91,73.32,24.77,S/SR,1,6,1,1,3,10,5,5,2,5,3,1,1,5,2,4,0b,8,1,2,2,Passive,0,C3,AM,0,0,1,1,1,1,1,1,0,1,0,0,0,0,0,0,0,0,0,0,0,0,1,0,0,0,0,0,0,0,0,0,0,0,0,1,0,0,1,0
Allium oleraceum var. alpestre,Brügger,vill-løk,Tracheophyta,Asparagales,Amaryllidaceae,Allium,variety,NE,LC,10.422649,63.44469,5,2020,Unchecked,"",FALSE,"",smallest ID,b124e1e0-4755-430f-9eab-894f25a9b59c,,,,,,,,,1,4,10,3,5,3,5,3,6,5,5,1,3,3,4,0a,10,3,"",1,Passive,0,C3,AM,0,0,0,2,1,0,2,0,0,0,0,0,0,0,0,0,0,0,0,0,0,0,0,2,0,0,0,2,0,0,1,0,0,0,0,0,0,0,0,0
Hypochaeris maculata,L.,flekkgrisøre,Tracheophyta,Asterales,Asteraceae,Hypochaeris,species,NE,NT,10.427356,63.444124,5,2020,Accepted,Valid,TRUE,Trommsdorffia maculata subsp. maculata,"",b124e1e0-4755-430f-9eab-894f25a9b59c,,,,,,,,,2,5,5,5,10,7,6,3,6,2,2,1,6,5,4,2,8,1,2,1,AirP,0,C3,AM,0,0,0,1,2,0,2,3,0,0,0,0,0,0,0,0,0,0,0,0,0,0,0,0,0,0,0,0,0,0,0,0,0,0,0,0,0,0,2,0
Cirsium heterophyllum,(L.) Hill,hvitbladtistel,Tracheophyta,Asterales,Asteraceae,Cirsium,species,NE,LC,10.423522,63.445355,1000,1990,Accepted,Valid,FALSE,"","",f06ed729-104f-4e51-9db3-dfd9b228a1be,,,,,,,,,4,7,3,7,12,5,5,5,5,7,5,2,5,2,4,1,9,2,"",1,AirP,0,C3,AM,0,0,0,0,0,0,0,0,0,0,1,0,0,0,0,0,4,0,0,0,0,0,0,0,0,0,0,0,0,0,0,0,0,0,2,0,0,0,0,3
Antennaria dioica,(L.) Gaertn.,kattefot,Tracheophyta,Asterales,Asteraceae,Antennaria,species,NE,LC,10.423522,63.445355,1000,1990,Accepted,Valid,FALSE,"","",f06ed729-104f-4e51-9db3-dfd9b228a1be,Dicot,perennial,shrub,1.78,79.14,19.09,S/SR,1,3,4,2,4,10,5,6,3,6,1,2,1,7,4,4,2,5,4,"",1,Passive,0,C3,AM,0,0,0,1,2,1,2,1,0,0,0,0,0,0,0,0,0,0,0,0,0,0,0,0,0,0,0,0,0,0,0,0,0,0,0,1,0,0,1,1
Pilosella officinarum,Vaill.,hårsveve,Tracheophyta,Asterales,Asteraceae,Pilosella,species,NE,NE,10.423522,63.445355,1000,1990,Accepted,Valid,FALSE,"",Not a synonym,f06ed729-104f-4e51-9db3-dfd9b228a1be,Dicot,perennial,forb,9.11,21.25,69.64,R/SR,1,1,3,5,3,8,5,7,1,7,2,2,1,6,2,4,1,7,2,"",2,AirP,0,C3,AM,0,0,0,1,2,0,0,4,3,0,0,0,0,0,0,0,0,0,0,0,0,0,0,0,0,0,0,0,0,0,0,0,0,0,0,0,0,0,0,0
Berberis lycium,Royle,berberis,Tracheophyta,Ranunculales,Berberidaceae,Berberis,species,NE,LC,10.421859,63.445236,23,2021,Accepted,Valid,TRUE,Berberis vulgaris f. lycium,smallest ID,b124e1e0-4755-430f-9eab-894f25a9b59c,,,,,,,,,4,5,10,3,5,5,5,3,7,3,1,1,4,2,4,1,6,3,3,1,Bird,0,C3,AM,0,0,0,2,2,0,1,0,0,0,0,0,0,0,0,0,0,0,0,0,0,0,0,0,0,0,0,3,0,0,0,0,0,0,0,0,0,0,2,0
Draba verna,L.,vårrublom,Tracheophyta,Brassicales,Brassicaceae,Draba,species,NE,LC,10.421858,63.445283,8,2023,Accepted,Valid,TRUE,Draba verna var. major,"",50c9509d-22c7-4a22-a47d-8c48425ef4a7,Dicot,annual,forb,4.8,0,95.2,R,1,3,2,10,3,5,5,5,5,6,6,4,1,5,8,1,0c,4,5,2,2,Passive,0,C3,None,0,0,0,1,1,0,1,2,1,0,0,0,0,0,0,0,0,0,0,0,0,0,0,1,1,2,0,0,0,0,0,0,0,0,0,0,0,0,0,0
Draba incana,L.,lodnerublom,Tracheophyta,Brassicales,Brassicaceae,Draba,species,NE,LC,10.42185,63.445276,25,2012,Accepted,Valid,TRUE,Draba incana f. tenuis,smallest ID,b124e1e0-4755-430f-9eab-894f25a9b59c,,,,,,,,,2,3,3,7,12,5,7,3,7,2,3,1,3,6,4,"",,,1,4,Passive,0,C3,None,0,0,0,0,3,0,0,4,0,0,0,0,0,0,0,0,0,0,0,0,0,0,0,0,0,3,0,0,0,0,0,0,0,0,0,0,0,0,0,0
Arabis hirsuta,(L.) Scop.,bergskrinneblom,Tracheophyta,Brassicales,Brassicaceae,Arabis,species,NE,LC,10.422649,63.44469,5,2020,Accepted,Valid,FALSE,"",Not a synonym,b124e1e0-4755-430f-9eab-894f25a9b59c,Dicot,perennial,forb,4.14,0,95.86,R,1,3,3,4,2,7,3,5,2,6,4,3,1,4,6,4,1,6,3,"",2,Passive,0,C3,None,0,0,0,1,2,0,0,3,3,0,0,0,0,0,0,0,0,0,0,0,0,0,0,0,0,0,0,0,0,0,0,0,0,0,0,0,0,0,1,0
Arabidopsis thaliana,(L.) Heynh.,"",Tracheophyta,Brassicales,Brassicaceae,Arabidopsis,species,NE,LC,10.421859,63.445236,23,2021,Accepted,Valid,FALSE,"","",b124e1e0-4755-430f-9eab-894f25a9b59c,Dicot,annual,forb,4.27,0,95.73,R,1,3,2,5,2,7,4,7,2,5,3,4,2,4,8,1,0c,5,4,2,3,Passive,0,C3,None,0,0,0,2,2,0,1,0,0,0,0,0,0,0,0,0,0,0,0,0,0,0,0,0,1,4,0,0,0,0,0,0,0,0,0,0,0,0,0,0
Erysimum incanum,Kunze,"",Tracheophyta,Brassicales,Brassicaceae,Erysimum,species,NE,"",10.423522,63.445355,1000,1990,Accepted,Valid,TRUE,Erysimum strictum,smallest ID,f06ed729-104f-4e51-9db3-dfd9b228a1be,,,,,,,,,3,5,4,6,11,5,6,2,6,4,5,2,2,7,2,1,8,1,1,,Passive,0,C3,None,0,0,0,1,2,0,0,0,0,0,0,0,0,0,0,0,0,0,0,0,0,0,0,2,0,3,2,0,0,0,0,0,0,0,0,0,0,0,0,0
Campanula rotundifolia,L.,blåklokke,Tracheophyta,Asterales,Campanulaceae,Campanula,species,NE,LC,10.426153,63.444461,5,2020,Accepted,Valid,FALSE,"","",b124e1e0-4755-430f-9eab-894f25a9b59c,Dicot,perennial,forb,7.37,23.6,69.03,R/SR,1,4,4,2,4,10,5,6,3,5,4,2,2,5,3,4,2a,8,1,2,3,Passive,0,C3,AM,0,0,0,1,1,2,2,1,0,0,0,0,0,0,0,0,0,0,0,0,0,0,1,0,0,1,0,0,0,0,0,0,0,0,0,0,0,0,1,0
Sagina nodosa,(L.) Fenzl,knopparve,Tracheophyta,Caryophyllales,Caryophyllaceae,Sagina,species,NE,LC,10.42185,63.445276,25,2012,Accepted,Valid,FALSE,"",Not a synonym,b124e1e0-4755-430f-9eab-894f25a9b59c,Dicot,perennial,forb,0.59,62.27,37.14,S/SR,1,1,1,4,5,10,4,7,6,7,2,2,3,6,7,3,0c,10,3,"",4,Passive,0,C3,None,0,0,0,0,2,0,0,0,0,0,0,3,0,0,0,1,0,0,0,0,1,2,0,0,0,1,0,0,0,0,0,0,0,0,0,0,0,0,0,0
Sagina procumbens,L.,tunarve,Tracheophyta,Caryophyllales,Caryophyllaceae,Sagina,species,NE,LC,10.423522,63.445355,1000,1990,Accepted,Valid,TRUE,Sagina procumbens var. compacta,"",f06ed729-104f-4e51-9db3-dfd9b228a1be,,,,,,,,,1,1,3,2,8,5,5,4,6,6,5,2,5,7,4,0c,7,2,"",4,Passive,0,C3,None,0,0,0,0,0,0,0,0,0,0,1,0,0,0,0,0,0,0,1,2,2,0,0,0,0,3,1,0,0,0,0,0,0,0,0,0,0,0,0,0
Cerastium fontanum,Baumg.,arve,Tracheophyta,Caryophyllales,Caryophyllaceae,Cerastium,species,NE,LC,10.423522,63.445355,1000,1990,Accepted,Valid,FALSE,"","",f06ed729-104f-4e51-9db3-dfd9b228a1be,Dicot,perennial,forb,10.47,12.32,77.21,R/SR,1,4,3,3,2,8,5,5,6,6,5,3,2,6,6,3,0c,6,3,"",4,Passive,0,C3,None,0,0,1,1,1,0,0,0,0,0,1,1,0,0,0,0,1,0,0,0,0,0,1,1,0,1,1,0,0,0,0,0,0,0,0,0,0,0,0,0
Arenaria serpyllifolia,L.,sandarve,Tracheophyta,Caryophyllales,Caryophyllaceae,Arenaria,species,NE,LC,10.423522,63.445355,1000,1990,Accepted,Valid,FALSE,"","",f06ed729-104f-4e51-9db3-dfd9b228a1be,Dicot,perennial,forb,0,45.38,54.62,SR,1,3,3,8,2,5,4,7,3,6,4,4,1,6,7,2,0c,7,2,2,3,Passive,0,C3,None,0,0,0,1,1,0,1,2,0,0,0,0,0,0,0,0,0,0,0,0,0,0,0,1,1,2,1,0,0,0,0,0,0,0,0,0,0,0,0,0
Silene uniflora,Roth,strandsmelle,Tracheophyta,Caryophyllales,Caryophyllaceae,Silene,species,NE,LC,10.423522,63.445355,1000,1990,Accepted,Valid,FALSE,"","",f06ed729-104f-4e51-9db3-dfd9b228a1be,,,,,,,,,4,4,3,4,10,4,7,5,7,5,5,3,3,5,4,1ab,7,2,"",,Passive,0,C3,None,0,0,0,1,2,0,0,0,0,0,0,0,0,0,0,0,0,0,0,0,5,0,0,0,0,2,0,0,0,0,0,0,0,0,0,0,0,0,0,0
Sedum acre  subsp. majus,(Masters) R.T.Clausen,bitterbergknapp,Tracheophyta,Saxifragales,Crassulaceae,Sedum,subspecies,NE,LC,10.427078,63.444116,10,2012,Accepted,Valid,TRUE,Sedum acre var. majus,"",b124e1e0-4755-430f-9eab-894f25a9b59c,,,,,,,,,3,5,5,2,7,4,7,1,6,4,3,2,5,4,4,1,8,1,"",2,Passive,0,CAM,None,0,0,0,1,2,0,0,1,1,0,0,0,0,0,0,0,0,0,0,0,1,0,0,2,0,2,0,0,0,0,0,0,0,0,0,0,0,0,0,0
Juniperus communis,L.,einer,Tracheophyta,Pinales,Cupressaceae,Juniperus,species,LC,LC,10.423522,63.445355,1000,1990,Accepted,Valid,FALSE,"",Not a synonym,f06ed729-104f-4e51-9db3-dfd9b228a1be,Gymnosperm,perennial,shrub,0,86.61,13.39,S,1,5,1,5,3,8,5,5,4,4,2,1,2,5,2,4,0b,6,3,"",1,Bird,0,C3,AM/EM,0,0,1,1,1,1,1,0,0,1,1,0,0,0,0,1,0,0,0,0,0,0,0,0,0,0,0,0,0,0,0,0,0,0,0,1,0,0,1,0
Carex ornithopoda,Willd.,fuglestarr,Tracheophyta,Poales,Cyperaceae,Carex,species,NE,LC,10.421841,63.445188,5,2022,Accepted,Valid,FALSE,"","",b124e1e0-4755-430f-9eab-894f25a9b59c,Monocot,perennial,graminoid,8.31,70.99,20.71,S/SR,1,4,1,3,7,12,4,4,5,8,2,2,1,5,6,4,0b,5,4,"",2,Passive,0,C3,None,0,0,0,0,2,0,0,0,0,0,0,5,0,0,0,0,0,0,0,0,0,0,0,0,0,0,0,0,0,0,0,0,1,0,0,0,0,0,2,0
Equisetum pratense,Ehrh.,engsnelle,Tracheophyta,Equisetales,Equisetaceae,Equisetum,species,NE,LC,10.423522,63.445355,1000,1990,Accepted,Valid,FALSE,"","",f06ed729-104f-4e51-9db3-dfd9b228a1be,,,,,,,,,1,1,3,6,11,5,2,6,6,5,4,1,2,1,4,0b,6,3,"",,AirD,0,C3,AM,0,0,0,0,0,0,0,0,0,0,1,0,0,0,0,0,0,0,0,0,0,0,0,0,0,0,0,1,0,0,1,1,1,0,2,0,0,2,0,1
Lotus corniculatus,L.,tiriltunge,Tracheophyta,Fabales,Fabaceae,Lotus,species,NE,LC,10.420942,63.445461,100,2023,Accepted,Valid,FALSE,"","",b124e1e0-4755-430f-9eab-894f25a9b59c,Dicot,perennial,forb,14.21,18.98,66.81,R/SR,1,5,3,3,2,8,3,6,3,5,3,2,2,6,3,4,2a,7,2,3,4,Expl,1,C3,AM,0,0,0,1,1,1,2,1,0,0,1,0,0,0,0,0,0,0,0,0,0,0,1,1,0,1,0,0,0,0,0,0,0,0,0,0,0,0,0,0
Anthyllis vulneraria,L.,rundbelg,Tracheophyta,Fabales,Fabaceae,Anthyllis,species,NE,LC,10.427356,63.444124,5,2020,Accepted,Valid,FALSE,"","",b124e1e0-4755-430f-9eab-894f25a9b59c,,,,,,,,,4,5,3,2,8,4,7,3,7,3,3,1,5,4,3,1a,7,2,2,4,Passive,1,C3,AM,0,0,0,1,2,0,0,2,1,0,0,0,0,0,0,0,0,0,0,0,0,0,0,1,0,3,0,0,0,0,0,0,0,0,0,0,0,0,0,0
Lathyrus niger,(L.) Bernh.,svarterteknapp,Tracheophyta,Fabales,Fabaceae,Lathyrus,species,LC,LC,10.423522,63.445355,1000,1990,Accepted,Valid,FALSE,"","",f06ed729-104f-4e51-9db3-dfd9b228a1be,,,,,,,,,4,5,10,3,5,4,4,3,6,2,4,1,2,3,4,2a,7,2,3,1,Expl,1,C3,AM,0,0,0,1,2,0,0,0,0,0,0,0,0,0,0,0,0,0,0,0,0,0,0,0,0,0,0,2,0,0,0,0,0,0,0,0,0,2,3,0
Ribes alpinum var. pilosum,Regel,alperips,Tracheophyta,Saxifragales,Grossulariaceae,Ribes,variety,NE,LC,10.421859,63.445236,23,2021,Unchecked,"",FALSE,"","",b124e1e0-4755-430f-9eab-894f25a9b59c,,,,,,,,,5,5,8,4,7,5,4,5,7,6,4,1,2,2,4,1,5,4,"",,Bird,0,C3,AM/EM,0,0,0,1,1,0,0,0,0,0,0,0,0,0,0,0,0,0,0,0,0,0,0,0,0,0,0,1,0,1,1,0,0,0,0,0,0,3,2,0
Hypericum perforatum,L.,prikkperikum,Tracheophyta,Malpighiales,Hypericaceae,Hypericum,species,NE,LC,10.421859,63.445236,23,2021,Accepted,Valid,FALSE,"","",b124e1e0-4755-430f-9eab-894f25a9b59c,Dicot,perennial,forb,8.15,21.58,70.27,R/SR,1,4,2,9,2,5,5,6,2,5,4,2,1,4,5,4,1,9,2,2,4,AirD,0,C3,AM,0,0,0,1,1,1,3,1,0,0,0,0,0,0,0,0,0,0,0,0,0,0,0,2,0,1,0,0,0,0,0,0,0,0,0,0,0,0,0,0
Hypericum maculatum,Crantz,firkantperikum,Tracheophyta,Malpighiales,Hypericaceae,Hypericum,species,NE,LC,10.421715,63.445212,10,2020,Accepted,Valid,FALSE,"",Not a synonym,b124e1e0-4755-430f-9eab-894f25a9b59c,,,,,,,,,3,2,5,4,9,5,5,3,3,5,3,1,4,5,4,1,10,3,"",3,AirD,0,C3,AM,0,0,0,0,0,0,1,0,0,2,2,0,0,0,0,0,0,0,0,0,0,0,4,0,0,0,0,1,0,0,0,0,0,0,0,0,0,0,0,0
Juncus gerardii,Loisel.,saltsiv,Tracheophyta,Poales,Juncaceae,Juncus,species,NE,LC,10.423522,63.445355,1000,1990,Accepted,Valid,FALSE,"","",f06ed729-104f-4e51-9db3-dfd9b228a1be,Monocot,perennial,graminoid,9.38,67.98,22.63,S/SR,1,4,1,7,3,7,5,7,9,8,5,3,4,5,3,4,0b,10,3,"",4,Passive,0,C3,None,0,0,0,0,0,0,0,0,0,0,0,3,0,0,0,0,0,0,0,0,0,7,0,0,0,0,0,0,0,0,0,0,0,0,0,0,0,0,0,0
Juncus bufonius,L.,paddesiv,Tracheophyta,Poales,Juncaceae,Juncus,species,LC,LC,10.423522,63.445355,1000,1990,Accepted,Valid,TRUE,Juncus bufonius f. alpinus,smallest ID,f06ed729-104f-4e51-9db3-dfd9b228a1be,,,,,,,,,4,1,5,1,6,5,5,6,4,4,3,2,5,8,1,0c,10,3,"",4,Passive,0,C3,None,0,0,0,0,0,0,0,0,0,1,1,1,0,0,0,0,0,1,1,1,0,1,0,0,0,3,0,0,0,0,0,0,0,0,0,0,0,0,0,0
Clinopodium acinos,Kuntze,bakkemynte,Tracheophyta,Lamiales,Lamiaceae,Clinopodium,species,NE,LC,10.426189,63.444501,10,2007,Accepted,Valid,FALSE,"","",b124e1e0-4755-430f-9eab-894f25a9b59c,Dicot,perennial,forb,2.87,50.89,46.23,SR,1,2,5,8,2,5,5,7,1,7,3,1,2,6,7,4,2a,9,2,"",4,Passive,0,C3,AM,0,0,0,1,2,0,0,2,1,0,0,0,0,0,0,0,0,0,0,0,0,0,0,1,0,2,1,0,0,0,0,0,0,0,0,0,0,0,0,0
Gagea lutea,Ker Gawl.,gullstjerne,Tracheophyta,Liliales,Liliaceae,Gagea,species,NE,LC,10.423522,63.445355,1000,1990,Accepted,Valid,FALSE,"","",f06ed729-104f-4e51-9db3-dfd9b228a1be,,,,,,,,,1,3,5,4,9,3,4,5,6,7,4,1,5,4,4,1,4,5,"",2,Passive,0,C3,AM,0,0,0,0,0,0,0,0,0,0,2,0,0,0,0,0,0,0,0,0,0,0,0,2,0,0,0,2,0,0,2,0,2,0,0,0,0,0,0,0
Linum catharticum,L.,vill-lin,Tracheophyta,Malpighiales,Linaceae,Linum,species,NE,LC,10.421715,63.445212,10,2020,Accepted,Valid,FALSE,"","",b124e1e0-4755-430f-9eab-894f25a9b59c,Dicot,perennial,forb,0.08,36.24,63.68,R/SR,2,2,3,8,3,6,3,6,5,7,2,1,2,7,7,1,0c,9,2,4,4,Passive,0,C3,AM,0,0,0,0,2,0,0,2,1,0,0,2,0,0,0,1,0,0,0,0,0,1,0,0,0,1,0,0,0,0,0,0,0,0,0,0,0,0,0,0
Euphrasia stricta,J.P.Wolff ex J.F.Lehm.,kjerteløyentrøst,Tracheophyta,Lamiales,Orobanchaceae,Euphrasia,species,NE,LC,10.420942,63.445461,100,2023,Accepted,Valid,FALSE,"",Not a synonym,b124e1e0-4755-430f-9eab-894f25a9b59c,Dicot,annual,forb,0.9,44.46,54.64,SR,1,2,4,4,3,8,5,6,4,5,1,1,2,7,4,1,0c,10,3,"",2,Passive,0,C3,None,0,1,0,0,0,1,1,1,1,0,1,1,0,0,0,0,0,0,0,0,0,1,1,0,0,1,0,0,0,0,0,0,0,0,0,0,0,0,0,1
Rhinanthus minor var. minor,"",småengkall,Tracheophyta,Lamiales,Orobanchaceae,Rhinanthus,variety,NE,LC,10.423522,63.445355,1000,1990,Unchecked,"",FALSE,"","",f06ed729-104f-4e51-9db3-dfd9b228a1be,,,,,,,,,2,4,3,3,9,5,5,5,4,2,3,2,6,2,1,1a,7,2,4,2,Passive,0,C3,None,0,1,0,0,0,1,3,0,0,0,1,1,0,0,0,1,0,0,0,0,0,1,1,0,0,1,0,0,0,0,0,0,0,0,0,0,0,0,0,0
Corydalis intermedia,(L.) Mérat,lerkespore,Tracheophyta,Ranunculales,Papaveraceae,Corydalis,species,NE,LC,10.422119,63.445408,8,2023,Accepted,Valid,FALSE,"","",50c9509d-22c7-4a22-a47d-8c48425ef4a7,,,,,,,,,1,4,5,5,10,3,3,4,6,7,3,1,5,3,4,2a,3,6,4,1,Myr,0,C3,AM,0,0,0,0,2,0,0,0,0,0,0,0,0,0,0,0,1,0,0,0,0,0,0,0,0,0,0,3,0,0,2,0,1,0,0,0,0,0,0,1
Pinus sylvestris,L.,furu,Tracheophyta,Pinales,Pinaceae,Pinus,species,LC,LC,10.423522,63.445355,1000,1990,Accepted,Valid,TRUE,Pinus sylvestris f. nana,"",f06ed729-104f-4e51-9db3-dfd9b228a1be,Gymnosperm,perennial,tree,2.63,97.37,0,S,1,6,1,5,4,9,6,5,4,5,2,1,2,3,1,4,0b,7,2,2,2,AirW,0,C3,EM,0,0,1,0,1,0,0,0,0,0,0,0,1,0,0,0,0,0,0,0,0,0,0,0,0,0,0,0,1,0,0,0,0,2,0,3,0,0,1,0
Veronica serpyllifolia,L.,bleikveronika,Tracheophyta,Lamiales,Plantaginaceae,Veronica,species,"",LC,10.423522,63.445355,1000,1990,Accepted,Valid,TRUE,Veronica serpyllifolia var. serpyllifolia,"",f06ed729-104f-4e51-9db3-dfd9b228a1be,,,,,,,,,3,3,4,3,8,5,5,5,5,5,3,2,7,6,4,1,6,3,"",4,Passive,0,C3,AM,0,0,0,0,0,0,0,0,0,0,2,1,0,0,0,0,0,0,0,0,0,0,3,0,0,2,0,1,0,0,0,0,0,0,0,0,0,0,0,1
Plantago maritima  subsp. ciliata,Printz,strandkjempe,Tracheophyta,Lamiales,Plantaginaceae,Plantago,subspecies,LC,LC,10.423522,63.445355,1000,1990,Accepted,Valid,TRUE,Plantago maritima var. salsa,"",f06ed729-104f-4e51-9db3-dfd9b228a1be,,,,,,,,,5,2,7,3,7,5,7,3,8,5,4,3,4,7,4,0b,10,3,"",2,Passive,0,C3,AM,0,0,0,0,0,0,0,0,0,0,0,1,0,0,0,0,0,0,0,0,3,4,0,1,0,1,0,0,0,0,0,0,0,0,0,0,0,0,0,0
Poa alpina var. nana,Latourr.,fjellrapp,Tracheophyta,Poales,Poaceae,Poa,variety,NE,LC,10.421868,63.445268,5,2010,Unchecked,"",FALSE,"","",b124e1e0-4755-430f-9eab-894f25a9b59c,,,,,,,,,5,1,1,7,13,4,7,4,7,3,2,1,5,5,4,0b,4,5,2,2,Passive,0,C3,AM,0,0,0,3,2,0,2,2,0,0,0,0,0,0,0,0,0,0,0,0,0,0,0,0,0,1,0,0,0,0,0,0,0,0,0,0,0,0,0,0
Nardus stricta var. minor,Guffroy,finnskjegg,Tracheophyta,Poales,Poaceae,Nardus,variety,NE,LC,10.423522,63.445355,1000,1990,Unchecked,"",FALSE,"","",f06ed729-104f-4e51-9db3-dfd9b228a1be,Monocot,perennial,graminoid,4.77,90.52,4.71,S,1,2,1,2,4,10,5,5,6,3,2,2,1,6,3,4,0b,9,2,4,2,Passive,0,C3,AM,0,0,0,0,0,0,0,0,0,7,3,0,0,0,0,0,0,0,0,0,0,0,0,0,0,0,0,0,0,0,0,0,0,0,0,0,0,0,0,0
Anthoxanthum odoratum,L.,gulaks,Tracheophyta,Poales,Poaceae,Anthoxanthum,species,NE,LC,10.423522,63.445355,1000,1990,Accepted,Valid,FALSE,"","",f06ed729-104f-4e51-9db3-dfd9b228a1be,,,,,,,,,4,1,8,2,5,4,5,4,5,4,2,2,6,3,4,0b,5,4,2,2,Passive,0,C3,AM,0,0,1,1,0,1,1,0,0,1,1,0,0,0,0,0,0,0,0,0,0,1,1,0,0,0,0,0,1,0,0,0,0,0,0,0,0,0,1,0
Deschampsia cespitosa,(L.) P.Beauv.,kvassbunke,Tracheophyta,Poales,Poaceae,Deschampsia,species,NE,LC,10.423522,63.445355,1000,1990,Accepted,Valid,FALSE,"","",f06ed729-104f-4e51-9db3-dfd9b228a1be,Monocot,perennial,graminoid,13.46,66.47,20.07,S/SR,1,5,1,3,3,9,5,5,7,4,6,4,2,4,2,4,0b,9,2,2,3,Passive,0,C3,AM,0,0,0,0,0,0,0,0,0,0,3,1,0,0,0,0,0,0,2,0,0,0,3,0,0,0,0,0,0,0,0,0,0,1,0,0,0,0,0,0
Potentilla brauniana,Hoppe ex Nestl.,"",Tracheophyta,Rosales,Rosaceae,Potentilla,species,NE,"",10.421625,63.44528,5,2022,Accepted,Valid,TRUE,Potentilla verna var. nana,"",b124e1e0-4755-430f-9eab-894f25a9b59c,Dicot,perennial,forb,4.96,69.22,25.82,S/SR,1,4,3,10,3,5,4,7,2,7,2,1,1,6,5,4,0c,6,3,"",4,Passive,0,C3,AM,0,0,0,0,3,0,2,4,1,0,0,0,0,0,0,0,0,0,0,0,0,0,0,0,0,0,0,0,0,0,0,0,0,0,0,0,0,0,0,0
Hedlundia hybrida,(L.) Sennikov & Kurtto,rognasal,Tracheophyta,Rosales,Rosaceae,Hedlundia,species,NE,LC,10.421859,63.445236,23,2021,Accepted,Valid,FALSE,"","",b124e1e0-4755-430f-9eab-894f25a9b59c,,,,,,,,,5,5,10,7,8,4,5,3,6,4,2,2,3,2,4,2,,,4,,Bird,0,C3,AM/EM,0,0,0,3,2,0,0,0,0,0,0,0,0,0,0,0,0,0,0,0,2,0,0,0,0,0,0,1,0,0,0,0,0,0,0,0,0,1,1,0
Rosa majalis,Herrm.,kanelrose,Tracheophyta,Rosales,Rosaceae,Rosa,species,NE,LC,10.423522,63.445355,1000,1990,Accepted,Valid,FALSE,"",Accepted,f06ed729-104f-4e51-9db3-dfd9b228a1be,,,,,,,,,5,3,3,9,13,7,4,6,6,5,3,1,4,3,4,1,8,1,"",,Bird,0,C3,AM,0,0,0,0,1,0,0,0,0,0,2,1,0,0,0,0,0,0,2,0,0,0,0,1,0,1,0,0,0,1,0,0,0,0,0,0,0,0,1,0
Rosa mollis f. atona,Matsson,bustnype,Tracheophyta,Rosales,Rosaceae,Rosa,form,NE,LC,10.421715,63.445212,10,2020,Unchecked,"",FALSE,"","",b124e1e0-4755-430f-9eab-894f25a9b59c,,,,,,,,,5,3,10,5,7,3,5,3,5,4,3,1,4,2,4,2,8,1,"",1,Bird,0,C3,AM,0,0,0,0,1,0,2,0,0,0,0,0,0,0,0,0,0,0,0,0,0,0,2,0,0,0,0,3,0,0,0,0,0,0,0,0,0,1,1,0
Alchemilla filicaulis,Buser,grannmarikåpe,Tracheophyta,Rosales,Rosaceae,Alchemilla,species,NE,LC,10.4235,63.4454,1414,1901,Accepted,Valid,FALSE,"",Accepted,e45c7d91-81c6-4455-86e3-2965a5739b1f,,,,,,,,,2,3,3,6,11,4,5,4,3,4,3,1,6,3,4,0d,7,2,"",3,Passive,0,C3,AM,0,0,0,0,0,1,1,0,0,2,3,0,0,0,0,0,0,0,0,0,0,0,2,0,0,1,0,0,0,0,0,0,0,0,0,0,0,0,0,0
Alchemilla micans,Buser,glansmarikåpe,Tracheophyta,Rosales,Rosaceae,Alchemilla,species,NE,LC,10.4236,63.4449,7,2008,Accepted,Valid,FALSE,"","",d29d79fd-2dc4-4ef5-89b8-cdf66994de0d,,,,,,,,,2,3,4,6,11,5,5,5,6,5,3,1,6,4,4,0d,7,2,"",3,Passive,0,C3,AM,0,0,0,0,0,0,0,0,0,0,3,2,0,0,0,0,0,0,0,0,0,0,0,3,0,1,0,1,0,0,0,0,0,0,0,0,0,0,0,0
Potentilla crantzii,(Crantz) Fritsch,flekkmure,Tracheophyta,Rosales,Rosaceae,Potentilla,species,NE,LC,10.423522,63.445355,1000,1990,Accepted,Valid,FALSE,"",Accepted,f06ed729-104f-4e51-9db3-dfd9b228a1be,Dicot,perennial,forb,12.76,65.17,22.07,S/SR,1,4,3,1,7,13,6,6,4,6,3,4,1,5,4,4,1,,,3,2,Passive,0,C3,AM,0,0,0,3,3,0,3,0,0,0,0,0,0,0,0,0,0,0,0,0,0,0,0,0,0,1,0,0,0,0,0,0,0,0,0,0,0,0,0,0
Potentilla crantzii,(Crantz) Fritsch,flekkmure,Tracheophyta,Rosales,Rosaceae,Potentilla,species,NE,LC,10.423522,63.445355,1000,1990,Accepted,Valid,FALSE,"",Accepted,f06ed729-104f-4e51-9db3-dfd9b228a1be,Dicot,perennial,forb,12.29,64.71,23,S/SR,1,4,3,1,7,13,6,6,4,6,3,4,1,5,4,4,1,,,3,2,Passive,0,C3,AM,0,0,0,3,3,0,3,0,0,0,0,0,0,0,0,0,0,0,0,0,0,0,0,0,0,1,0,0,0,0,0,0,0,0,0,0,0,0,0,0
Aria edulis,M.Roem.,sølvasal,Tracheophyta,Rosales,Rosaceae,Aria,species,NE,NT,10.4225,63.4449,71,2004,Accepted,Valid,FALSE,"",Accepted,e45c7d91-81c6-4455-86e3-2965a5739b1f,,,,,,,,,5,5,12,2,3,3,4,3,6,4,3,2,3,1,4,2,,,4,1,Bird,0,C3,AM/EM,0,0,0,3,4,0,0,0,0,0,0,0,0,0,0,0,0,0,0,0,0,0,0,0,0,0,0,0,0,0,0,0,0,0,0,0,0,0,3,0
Aria rupicola,(Syme) Mezhenskyj,bergasal,Tracheophyta,Rosales,Rosaceae,Aria,species,LC,LC,10.423522,63.445355,1000,1990,Accepted,Valid,FALSE,"","",f06ed729-104f-4e51-9db3-dfd9b228a1be,,,,,,,,,5,5,11,5,7,4,5,2,5,3,2,2,3,3,4,0d,7,2,4,,Bird,0,C3,AM/EM,0,0,1,3,2,0,0,0,0,0,0,0,0,0,0,0,0,0,0,0,3,0,0,0,0,0,0,0,0,0,0,0,0,0,0,0,0,0,1,0
Galium verum,L.,gulmaure,Tracheophyta,Gentianales,Rubiaceae,Galium,species,NE,LC,10.421208,63.445242,5,2023,Accepted,Valid,TRUE,Galium verum f. verum,smallest ID,8a863029-f435-446a-821e-275f4f641165,Dicot,perennial,herbaceous vine,1.28,71.83,26.89,S/SR,1,5,3,5,2,7,5,6,2,5,4,3,2,5,2,4,1,9,2,"",2,Passive,0,C3,AM,0,0,1,1,1,1,2,1,1,0,0,0,0,0,0,0,0,0,0,0,0,0,0,0,0,1,0,0,0,0,0,0,0,0,0,0,0,0,1,0
Galium boreale,L.,hvitmaure,Tracheophyta,Gentianales,Rubiaceae,Galium,species,NE,LC,10.426207,63.444553,5,2020,Accepted,Valid,TRUE,Galium boreale var. nudum,smallest ID,b124e1e0-4755-430f-9eab-894f25a9b59c,Dicot,perennial,forb,5.38,50.66,43.96,SR,1,5,3,3,4,10,5,5,5,7,4,2,2,5,4,4,1,9,2,3,1,Passive,0,C3,AM,0,0,0,1,1,0,2,1,0,0,2,1,0,0,0,0,0,0,0,0,0,1,0,0,0,0,0,0,0,0,0,0,0,0,0,0,0,0,1,0
Saxifraga tridactylites,L.,trefingersildre,Tracheophyta,Saxifragales,Saxifragaceae,Saxifraga,species,NE,EN,10.421931,63.44526,5,2022,Accepted,Valid,FALSE,"","",b124e1e0-4755-430f-9eab-894f25a9b59c,Dicot,perennial,forb,2.34,0,97.66,R,1,2,3,10,2,4,4,6,2,8,2,2,1,5,8,1,0c,5,4,2,3,Adh,0,C3,AM,0,0,0,0,4,0,0,2,1,0,0,0,0,0,0,0,0,0,0,0,0,0,0,0,1,2,0,0,0,0,0,0,0,0,0,0,0,0,0,0
Viola adunca,Sm.,engfiol,Tracheophyta,Malpighiales,Violaceae,Viola,species,NE,LC,10.421859,63.445236,23,2021,Accepted,Valid,TRUE,Viola canina var. adunca,"",b124e1e0-4755-430f-9eab-894f25a9b59c,,,,,,,,,3,3,3,3,9,4,5,4,3,2,4,2,5,3,4,1a,6,3,"",3,Expl,0,C3,AM,0,0,1,1,0,2,3,0,0,0,1,0,0,0,0,0,0,0,0,0,1,0,0,0,0,0,0,1,0,0,0,0,0,0,0,0,0,0,0,0
