validScientificName,scientificNameAuthorship,popularName,phylum,order,family,genus,taxonRank,iucnRedListCategory,riskCategory,decimalLongitude,decimalLatitude,coordinateUncertaintyInMeters,year,taxonomicStatus,nomenclaturalStatus,New.accepted,Old.name,One.Reason,datasetKey
Rosa dumalis,Tratt. ex Link,,Tracheophyta,Rosales,Rosaceae,Rosa,species,NE,,10.423522,63.445355,1000,1990,Unchecked,"",FALSE,"",smallest ID,f06ed729-104f-4e51-9db3-dfd9b228a1be
Potentilla brauniana,Hoppe ex Nestl.,,Tracheophyta,Rosales,Rosaceae,Potentilla,species,NE,,10.421625,63.44528,5,2022,Accepted,Valid,TRUE,Potentilla verna var. nana,"",b124e1e0-4755-430f-9eab-894f25a9b59c
Mesoptychia bantriensis,(Hook.) L. Söderstr. & Váňa,kildeflik,Marchantiophyta,Jungermanniales,Jungermanniaceae,Mesoptychia,species,NE,LC,10.4235,63.4454,1414,1888,Unchecked,"",FALSE,"","",6728c42d-c4b6-4fda-a211-5ad1bb59cda4
Weissia controversa,Hedw.,tannkrusmose,Bryophyta,Pottiales,Pottiaceae,Weissia,species,NE,LC,10.4226,63.4447,1,2009,Accepted,Valid,FALSE,"","",6728c42d-c4b6-4fda-a211-5ad1bb59cda4
Petrosedum rupestre,(L.) P.V.Heath,,Tracheophyta,Saxifragales,Crassulaceae,Petrosedum,species,NE,,10.422622,63.444774,10,2023,Accepted,Valid,FALSE,"","",b124e1e0-4755-430f-9eab-894f25a9b59c
Ptychostomum pendulum,Hornsch.,ribbevrangmose,Bryophyta,Bryales,Bryaceae,Ptychostomum,species,NE,LC,10.4235,63.4454,1414,1890,Accepted,Valid,TRUE,Ptychostomum compactum,"",6728c42d-c4b6-4fda-a211-5ad1bb59cda4
Hepatica nobilis,Schreb.,blåveis,Tracheophyta,Ranunculales,Ranunculaceae,Hepatica,species,NE,LC,10.42111,63.445032,8,2023,Accepted,Valid,FALSE,"",smallest ID,50c9509d-22c7-4a22-a47d-8c48425ef4a7
Plantago lanceolata,L.,smalkjempe,Tracheophyta,Lamiales,Plantaginaceae,Plantago,species,NE,LC,10.422108,63.445358,3,2021,Accepted,Valid,FALSE,"","",50c9509d-22c7-4a22-a47d-8c48425ef4a7
Galium verum,L.,gulmaure,Tracheophyta,Gentianales,Rubiaceae,Galium,species,NE,LC,10.421208,63.445242,5,2023,Accepted,Valid,TRUE,Galium verum f. verum,smallest ID,8a863029-f435-446a-821e-275f4f641165
Lotus corniculatus,L.,tiriltunge,Tracheophyta,Fabales,Fabaceae,Lotus,species,NE,LC,10.420942,63.445461,100,2023,Accepted,Valid,FALSE,"","",b124e1e0-4755-430f-9eab-894f25a9b59c
Knautia arvensis,(L.) Coult.,rødknapp,Tracheophyta,Dipsacales,Caprifoliaceae,Knautia,species,NE,LC,10.426153,63.444461,5,2020,Accepted,Valid,FALSE,"",smallest ID,b124e1e0-4755-430f-9eab-894f25a9b59c
Grimmia pulvinata,(Hedw.) Sm.,kvitknausing,Bryophyta,Grimmiales,Grimmiaceae,Grimmia,species,NE,LC,10.427276,63.444076,5,2023,Accepted,Valid,FALSE,"",Accepted,b124e1e0-4755-430f-9eab-894f25a9b59c
Anthyllis vulneraria,L.,rundbelg,Tracheophyta,Fabales,Fabaceae,Anthyllis,species,NE,LC,10.427356,63.444124,5,2020,Accepted,Valid,FALSE,"","",b124e1e0-4755-430f-9eab-894f25a9b59c
Draba verna,L.,vårrublom,Tracheophyta,Brassicales,Brassicaceae,Draba,species,NE,LC,10.421858,63.445283,8,2023,Accepted,Valid,TRUE,Draba verna var. major,"",50c9509d-22c7-4a22-a47d-8c48425ef4a7
Clinopodium vulgare,L.,kransmynte,Tracheophyta,Lamiales,Lamiaceae,Clinopodium,species,NE,LC,10.427356,63.444124,5,2020,Accepted,Valid,FALSE,"","",b124e1e0-4755-430f-9eab-894f25a9b59c
Vicia cracca,L.,fuglevikke,Tracheophyta,Fabales,Fabaceae,Vicia,species,LC,LC,10.427356,63.444124,5,2020,Accepted,Valid,TRUE,Vicia cracca f. cracca,smallest ID,b124e1e0-4755-430f-9eab-894f25a9b59c
Tortula subulata,Hedw.,skruetustmose,Bryophyta,Pottiales,Pottiaceae,Tortula,species,NE,LC,10.4226,63.4447,1,2009,Accepted,Valid,FALSE,"","",6728c42d-c4b6-4fda-a211-5ad1bb59cda4
Viola mirabilis f. seiichii,E.Hama,krattfiol,Tracheophyta,Malpighiales,Violaceae,Viola,form,NE,LC,10.421993,63.445228,10,2015,Unchecked,"",FALSE,"",smallest ID,b124e1e0-4755-430f-9eab-894f25a9b59c
Encalypta brevicollis,(Bruch & Schimp.) Ångström,glattklokkemose,Bryophyta,Encalyptales,Encalyptaceae,Encalypta,species,NE,LC,10.4235,63.4454,1414,1888,Accepted,Valid,FALSE,"","",6728c42d-c4b6-4fda-a211-5ad1bb59cda4
Ptychostomum inclinatum,(Sw. ex Brid.) J.R.Spence,svartsporevrangmose,Bryophyta,Bryales,Bryaceae,Ptychostomum,species,NE,LC,10.4216,63.4452,1,2009,Accepted,Valid,FALSE,"","",6728c42d-c4b6-4fda-a211-5ad1bb59cda4
Ptychostomum pallescens,(Schleich. ex Schwägr.) J.R.Spence,filtvrangmose,Bryophyta,Bryales,Bryaceae,Ptychostomum,species,NE,LC,10.4235,63.4454,1414,1888,Accepted,Valid,FALSE,"","",6728c42d-c4b6-4fda-a211-5ad1bb59cda4
Polygonatum odoratum,(Mill.) Druce,kantkonvall,Tracheophyta,Asparagales,Asparagaceae,Polygonatum,species,NE,LC,10.421715,63.445212,10,2020,Accepted,Valid,FALSE,"","",b124e1e0-4755-430f-9eab-894f25a9b59c
Galium boreale,L.,hvitmaure,Tracheophyta,Gentianales,Rubiaceae,Galium,species,NE,LC,10.426207,63.444553,5,2020,Accepted,Valid,TRUE,Galium boreale var. nudum,smallest ID,b124e1e0-4755-430f-9eab-894f25a9b59c
Saxifraga tridactylites,L.,trefingersildre,Tracheophyta,Saxifragales,Saxifragaceae,Saxifraga,species,NE,EN,10.421931,63.44526,5,2022,Accepted,Valid,FALSE,"","",b124e1e0-4755-430f-9eab-894f25a9b59c
Draba incana,L.,lodnerublom,Tracheophyta,Brassicales,Brassicaceae,Draba,species,NE,LC,10.42185,63.445276,25,2012,Accepted,Valid,TRUE,Draba incana f. tenuis,smallest ID,b124e1e0-4755-430f-9eab-894f25a9b59c
Hypericum perforatum,L.,prikkperikum,Tracheophyta,Malpighiales,Hypericaceae,Hypericum,species,NE,LC,10.421859,63.445236,23,2021,Accepted,Valid,FALSE,"","",b124e1e0-4755-430f-9eab-894f25a9b59c
Schistidium maritimum,(Turner ex Robt.Scott) Bruch & Schimp.,saltblomstermose,Bryophyta,Grimmiales,Grimmiaceae,Schistidium,species,NE,LC,10.4235,63.4454,1414,1889,Accepted,Valid,FALSE,"","",6728c42d-c4b6-4fda-a211-5ad1bb59cda4
Grimmia ovalis,(Hedw.) Lindb.,raggknausing,Bryophyta,Grimmiales,Grimmiaceae,Grimmia,species,NE,LC,10.4235,63.4454,1414,1890,Accepted,Valid,FALSE,"","",6728c42d-c4b6-4fda-a211-5ad1bb59cda4
Rosa subcollina,(Christ) Dalla Torre & Sarnth.,lodden mellomnype,Tracheophyta,Rosales,Rosaceae,Rosa,species,NE,LC,10.4235,63.4454,1414,1938,Accepted,Valid,FALSE,"",Accepted,d29d79fd-2dc4-4ef5-89b8-cdf66994de0d
Mesoptychia collaris,(Nees) L. Söderstr. & Váňa,skyggeflik,Marchantiophyta,Jungermanniales,Jungermanniaceae,Mesoptychia,species,NE,LC,10.4235,63.4454,1414,1888,Unchecked,"",FALSE,"","",6728c42d-c4b6-4fda-a211-5ad1bb59cda4
Hedlundia hybrida,(L.) Sennikov & Kurtto,rognasal,Tracheophyta,Rosales,Rosaceae,Hedlundia,species,NE,LC,10.421859,63.445236,23,2021,Accepted,Valid,FALSE,"","",b124e1e0-4755-430f-9eab-894f25a9b59c
Isopterygiella pulchella,(Hedw.) Ignatov & Ignatova,,Bryophyta,Hypnales,"",Isopterygiella,species,NE,,10.4235,63.4454,1414,1971,Unchecked,"",FALSE,"","",6728c42d-c4b6-4fda-a211-5ad1bb59cda4
Stegonia latifolia,(Schwägr.) Venturi ex Broth.,knollmose,Bryophyta,Pottiales,Pottiaceae,Stegonia,species,NE,NT,10.4235,63.4454,1414,1888,Accepted,Valid,FALSE,"","",6728c42d-c4b6-4fda-a211-5ad1bb59cda4
Cratoneuron filicinum,(Hedw.) Spruce,kalkmose,Bryophyta,Hypnales,Amblystegiaceae,Cratoneuron,species,NE,LC,10.4262,63.4443,1,2009,Accepted,Valid,FALSE,"","",6728c42d-c4b6-4fda-a211-5ad1bb59cda4
Allium oleraceum var. alpestre,Brügger,vill-løk,Tracheophyta,Asparagales,Amaryllidaceae,Allium,variety,NE,LC,10.422649,63.44469,5,2020,Unchecked,"",FALSE,"",smallest ID,b124e1e0-4755-430f-9eab-894f25a9b59c
Alchemilla glaucescens,Wallr.,fløyelsmarikåpe,Tracheophyta,Rosales,Rosaceae,Alchemilla,species,NE,LC,10.421715,63.445212,10,2020,Accepted,Valid,TRUE,Alchemilla glaucescens var. alpina,"",b124e1e0-4755-430f-9eab-894f25a9b59c
Tussilago farfara,L.,hestehov,Tracheophyta,Asterales,Asteraceae,Tussilago,species,NE,LC,10.421849,63.444854,8,2023,Accepted,Valid,FALSE,"","",50c9509d-22c7-4a22-a47d-8c48425ef4a7
Kindbergia praelonga,(Hedw.) Ochyra,sprikemoldmose,Bryophyta,Hypnales,Brachytheciaceae,Kindbergia,species,NE,LC,10.4235,63.4454,1414,1896,Accepted,Valid,FALSE,"","",6728c42d-c4b6-4fda-a211-5ad1bb59cda4
Viola adunca,Sm.,engfiol,Tracheophyta,Malpighiales,Violaceae,Viola,species,NE,LC,10.421859,63.445236,23,2021,Accepted,Valid,TRUE,Viola canina var. adunca,"",b124e1e0-4755-430f-9eab-894f25a9b59c
Hypochaeris maculata,L.,flekkgrisøre,Tracheophyta,Asterales,Asteraceae,Hypochaeris,species,NE,NT,10.427356,63.444124,5,2020,Accepted,Valid,TRUE,Trommsdorffia maculata subsp. maculata,"",b124e1e0-4755-430f-9eab-894f25a9b59c
Sciuro-hypnum reflexum,(Starke) Ignatov & Huttunen,sprikelundmose,Bryophyta,Hypnales,Brachytheciaceae,Sciuro-hypnum,species,NE,LC,10.4235,63.4454,1414,1971,Accepted,Valid,FALSE,"","",6728c42d-c4b6-4fda-a211-5ad1bb59cda4
Hieracium bifidum  subsp. stenolepis,(Lindeb.) Zahn,,Tracheophyta,Asterales,Asteraceae,Hieracium,subspecies,NE,,10.4235,63.4454,1414,1938,Accepted,Valid,FALSE,"","",d29d79fd-2dc4-4ef5-89b8-cdf66994de0d
Potentilla argentea,L.,sølvmure,Tracheophyta,Rosales,Rosaceae,Potentilla,species,NE,LC,10.421653,63.445124,8,2021,Accepted,Valid,FALSE,"",Accepted,50c9509d-22c7-4a22-a47d-8c48425ef4a7
Trichostomum littorale,Mitt.,,Bryophyta,Pottiales,Pottiaceae,Trichostomum,species,,,10.4235,63.4454,1414,1896,Accepted,Valid,FALSE,"","",6728c42d-c4b6-4fda-a211-5ad1bb59cda4
Cheirolophus sempervirens,Pomel,,Tracheophyta,Asterales,Asteraceae,Cheirolophus,species,NE,,10.427024,63.444321,5,2020,Accepted,Valid,TRUE,Centaurea montana var. alba,"",b124e1e0-4755-430f-9eab-894f25a9b59c
Arabis hirsuta,(L.) Scop.,bergskrinneblom,Tracheophyta,Brassicales,Brassicaceae,Arabis,species,NE,LC,10.422649,63.44469,5,2020,Accepted,Valid,FALSE,"",Not a synonym,b124e1e0-4755-430f-9eab-894f25a9b59c
Syntrichia ruralis,(Hedw.) F.Weber & D.Mohr,dynehårstjerne,Bryophyta,Pottiales,Pottiaceae,Syntrichia,species,NE,LC,10.4235,63.4454,1414,1988,Accepted,Valid,FALSE,"","",6728c42d-c4b6-4fda-a211-5ad1bb59cda4
Homalothecium sericeum,(Hedw.) Schimp.,krypsilkemose,Bryophyta,Hypnales,Brachytheciaceae,Homalothecium,species,NE,LC,10.420942,63.445461,100,2023,Accepted,Valid,FALSE,"","",b124e1e0-4755-430f-9eab-894f25a9b59c
Distichium inclinatum,(Hedw.) Bruch & Schimp.,stridplanmose,Bryophyta,Scouleriales,Distichiaceae,Distichium,species,NE,LC,10.4235,63.4454,1414,1895,Accepted,Valid,FALSE,"","",6728c42d-c4b6-4fda-a211-5ad1bb59cda4
Carex pallidula,Harmaja,fingerstarr,Tracheophyta,Poales,Cyperaceae,Carex,species,NE,LC,10.421609,63.4452,8,2023,Accepted,Valid,TRUE,Carex digitata f. pallens,"",50c9509d-22c7-4a22-a47d-8c48425ef4a7
Corylus avellana,L.,hassel,Tracheophyta,Fagales,Betulaceae,Corylus,species,LC,LC,10.425972,63.44399,5,2022,Accepted,Valid,TRUE,Corylus avellana f. aurea,"",14d5676a-2c54-4f94-9023-1e8dcd822aa0
Geranium sylvaticum,L.,skogstorkenebb,Tracheophyta,Geraniales,Geraniaceae,Geranium,species,NE,LC,10.426153,63.444461,5,2020,Accepted,Valid,FALSE,"","",b124e1e0-4755-430f-9eab-894f25a9b59c
Ribes alpinum var. pilosum,Regel,alperips,Tracheophyta,Saxifragales,Grossulariaceae,Ribes,variety,NE,LC,10.421859,63.445236,23,2021,Unchecked,"",FALSE,"","",b124e1e0-4755-430f-9eab-894f25a9b59c
Rubus saxatilis f. repens,Kuntze,teiebær,Tracheophyta,Rosales,Rosaceae,Rubus,form,NE,LC,10.421715,63.445212,10,2020,Unchecked,"",FALSE,"","",b124e1e0-4755-430f-9eab-894f25a9b59c
Berberis lycium,Royle,berberis,Tracheophyta,Ranunculales,Berberidaceae,Berberis,species,NE,LC,10.421859,63.445236,23,2021,Accepted,Valid,TRUE,Berberis vulgaris f. lycium,smallest ID,b124e1e0-4755-430f-9eab-894f25a9b59c
Verbascum nigrum,L.,mørkkongslys,Tracheophyta,Lamiales,Scrophulariaceae,Verbascum,species,NE,LC,10.423522,63.445355,1000,1990,Accepted,Valid,TRUE,Verbascum nigrum f. leucerion,"",f06ed729-104f-4e51-9db3-dfd9b228a1be
Euphrasia stricta,J.P.Wolff ex J.F.Lehm.,kjerteløyentrøst,Tracheophyta,Lamiales,Orobanchaceae,Euphrasia,species,NE,LC,10.420942,63.445461,100,2023,Accepted,Valid,FALSE,"",Not a synonym,b124e1e0-4755-430f-9eab-894f25a9b59c
Campylium stellatum,(Hedw.) C.E.O.Jensen,bergstjernemose,Bryophyta,Hypnales,Amblystegiaceae,Campylium,species,NE,LC,10.4262,63.4443,1,2009,Accepted,Valid,TRUE,Campylium protensum,"",6728c42d-c4b6-4fda-a211-5ad1bb59cda4
Encalypta rhaptocarpa,Schwägr.,rødklokkemose,Bryophyta,Encalyptales,Encalyptaceae,Encalypta,species,NE,LC,10.4232,63.4447,1,2009,Accepted,Valid,FALSE,"","",6728c42d-c4b6-4fda-a211-5ad1bb59cda4
Encalypta vulgaris,Hedw.,småklokkemose,Bryophyta,Encalyptales,Encalyptaceae,Encalypta,species,NE,VU,10.4226,63.4447,10,2017,Accepted,Valid,FALSE,"","",6728c42d-c4b6-4fda-a211-5ad1bb59cda4
Zygodon viridissimus,(Dicks.) Brid.,køllekjølmose,Bryophyta,Orthotrichales,Orthotrichaceae,Zygodon,species,NE,LC,10.4235,63.4454,1414,1897,Accepted,Valid,FALSE,"","",6728c42d-c4b6-4fda-a211-5ad1bb59cda4
Potentilla erecta,(L.) Raeusch.,tepperot,Tracheophyta,Rosales,Rosaceae,Potentilla,species,NE,LC,10.421715,63.445212,10,2020,Accepted,Valid,FALSE,"",Not a synonym,b124e1e0-4755-430f-9eab-894f25a9b59c
Geum hispidum,Fr.,kratthumleblom,Tracheophyta,Rosales,Rosaceae,Geum,species,NE,LC,10.42185,63.445276,25,2012,Accepted,Valid,TRUE,Geum urbanum var. hispidum,Accepted,b124e1e0-4755-430f-9eab-894f25a9b59c
Campanula rotundifolia,L.,blåklokke,Tracheophyta,Asterales,Campanulaceae,Campanula,species,NE,LC,10.426153,63.444461,5,2020,Accepted,Valid,FALSE,"","",b124e1e0-4755-430f-9eab-894f25a9b59c
Hypericum maculatum,Crantz,firkantperikum,Tracheophyta,Malpighiales,Hypericaceae,Hypericum,species,NE,LC,10.421715,63.445212,10,2020,Accepted,Valid,FALSE,"",Not a synonym,b124e1e0-4755-430f-9eab-894f25a9b59c
Pimpinella saxifraga,L.,gjeldkarve,Tracheophyta,Apiales,Apiaceae,Pimpinella,species,NE,LC,10.421859,63.445236,23,2021,Accepted,Valid,FALSE,"","",b124e1e0-4755-430f-9eab-894f25a9b59c
Ptychostomum pallens,(Sw.) J.R.Spence,vinvrangmose,Bryophyta,Bryales,Bryaceae,Ptychostomum,species,NE,LC,10.4235,63.4454,1414,1888,Accepted,Valid,FALSE,"","",6728c42d-c4b6-4fda-a211-5ad1bb59cda4
Amblystegium serpens,(Hedw.) Schimp.,trådkrypmose,Bryophyta,Hypnales,Amblystegiaceae,Amblystegium,species,NE,LC,10.4235,63.4454,1414,1889,Accepted,Valid,FALSE,"","",6728c42d-c4b6-4fda-a211-5ad1bb59cda4
Veronica chamaedrys,L.,marmorleddsnegl,Tracheophyta,Lamiales,Plantaginaceae,Veronica,species,NE,LC,10.426153,63.444461,5,2020,Accepted,Valid,FALSE,"","",b124e1e0-4755-430f-9eab-894f25a9b59c
Buckia vaucheri,"(Lesq.) D. Ríos, M.T. Gallego & J. Guerra",gullflette,Bryophyta,Hypnales,Pylaisiaceae,Buckia,species,NE,LC,10.4235,63.4454,1414,1889,Unchecked,"",FALSE,"","",6728c42d-c4b6-4fda-a211-5ad1bb59cda4
Pseudanomodon attenuatus,(Hedw.) Ignatov & Fedosov,piskraggmose,Bryophyta,Hypnales,"",Pseudanomodon,species,NE,LC,10.4235,63.4454,1414,1888,Unchecked,"",FALSE,"","",6728c42d-c4b6-4fda-a211-5ad1bb59cda4
Plenogemma phyllantha,"(Brid.) Sawicki, Plášek & Ochyra",piggknoppgullhette,Bryophyta,Orthotrichales,Orthotrichaceae,Plenogemma,species,NE,LC,10.4235,63.4454,1414,1897,Unchecked,"",FALSE,"","",6728c42d-c4b6-4fda-a211-5ad1bb59cda4
Geheebia ferruginea,(Schimp. ex Besch.) R.H. Zander,,Bryophyta,Pottiales,Pottiaceae,Geheebia,species,NE,,10.4235,63.4454,1414,1894,Unchecked,"",FALSE,"","",6728c42d-c4b6-4fda-a211-5ad1bb59cda4
Bryoerythrophyllum recurvirostrum,(Hedw.) P.C.Chen,rødfotmose,Bryophyta,Pottiales,Pottiaceae,Bryoerythrophyllum,species,NE,LC,10.4235,63.4454,1414,1895,Accepted,Valid,FALSE,"","",6728c42d-c4b6-4fda-a211-5ad1bb59cda4
Tortella fragilis,(Hook. & Wilson) Limpr.,skjørvrimose,Bryophyta,Pottiales,Pottiaceae,Tortella,species,NE,LC,10.4235,63.4454,1414,1888,Accepted,Valid,FALSE,"","",6728c42d-c4b6-4fda-a211-5ad1bb59cda4
Orthotrichum cupulatum,Hoffm. ex Brid.,strandbustehette,Bryophyta,Orthotrichales,Orthotrichaceae,Orthotrichum,species,NE,LC,10.4235,63.4454,1414,1891,Accepted,Valid,FALSE,"","",6728c42d-c4b6-4fda-a211-5ad1bb59cda4
Hylocomium splendens,(Hedw.) Schimp.,etasjemose,Bryophyta,Hypnales,Hylocomiaceae,Hylocomium,species,NE,LC,10.4235,63.4454,1414,1954,Accepted,Valid,FALSE,"","",6728c42d-c4b6-4fda-a211-5ad1bb59cda4
Isothecium alopecuroides,(Lam. ex Dubois) Isov.,rottehalemose,Bryophyta,Hypnales,Lembophyllaceae,Isothecium,species,NE,LC,10.4235,63.4454,1414,1894,Accepted,Valid,FALSE,"","",6728c42d-c4b6-4fda-a211-5ad1bb59cda4
Eurhynchium striatum,(Schreb. ex Hedw.) Schimp.,kystmoldmose,Bryophyta,Hypnales,Brachytheciaceae,Eurhynchium,species,NE,LC,10.4235,63.4454,1414,1888,Accepted,Valid,FALSE,"","",6728c42d-c4b6-4fda-a211-5ad1bb59cda4
Pseudoleskeella tectorum,(Funck ex Brid.) Kindb. ex Broth.,klotråklemose,Bryophyta,Hypnales,Leskeaceae,Pseudoleskeella,species,NE,LC,10.4235,63.4454,1414,1895,Accepted,Valid,FALSE,"","",6728c42d-c4b6-4fda-a211-5ad1bb59cda4
Platydictya jungermannioides,(Brid.) H.A.Crum,hårmose,Bryophyta,Hypnales,Plagiotheciaceae,Platydictya,species,NE,LC,10.4235,63.4454,1414,1895,Accepted,Valid,FALSE,"","",6728c42d-c4b6-4fda-a211-5ad1bb59cda4
Pterigynandrum filiforme,Hedw.,reipmose,Bryophyta,Hypnales,Pterigynandraceae,Pterigynandrum,species,NE,LC,10.4235,63.4454,1414,1888,Accepted,Valid,FALSE,"","",6728c42d-c4b6-4fda-a211-5ad1bb59cda4
Hypnum cupressiforme,Hedw.,matteflette,Bryophyta,Hypnales,Hypnaceae,Hypnum,species,NE,LC,10.4235,63.4454,1414,1895,Accepted,Valid,FALSE,"","",6728c42d-c4b6-4fda-a211-5ad1bb59cda4
Ctenidium molluscum,(Hedw.) Mitt.,kammose,Bryophyta,Hypnales,Hypnaceae,Ctenidium,species,NE,LC,10.4262,63.4443,1,2009,Accepted,Valid,FALSE,"","",6728c42d-c4b6-4fda-a211-5ad1bb59cda4
Conocephalum conicum,(L.) Underw.,sumpkrokodillemose,Marchantiophyta,Marchantiales,Conocephalaceae,Conocephalum,species,NE,LC,10.4235,63.4454,1414,1888,Accepted,Valid,FALSE,"","",6728c42d-c4b6-4fda-a211-5ad1bb59cda4
Luzula pilosa,(L.) Willd.,hårfrytle,Tracheophyta,Poales,Juncaceae,Luzula,species,NE,LC,10.422191,63.445275,8,2021,Accepted,Valid,FALSE,"","",50c9509d-22c7-4a22-a47d-8c48425ef4a7
Luzula multiflora  subsp. multiflora,"",engfrytle,Tracheophyta,Poales,Juncaceae,Luzula,subspecies,,LC,10.4218,63.4452,7,2008,Accepted,Valid,FALSE,"","",d29d79fd-2dc4-4ef5-89b8-cdf66994de0d
Poa alpina var. nana,Latourr.,fjellrapp,Tracheophyta,Poales,Poaceae,Poa,variety,NE,LC,10.421868,63.445268,5,2010,Unchecked,"",FALSE,"","",b124e1e0-4755-430f-9eab-894f25a9b59c
Poa compressa var. laxa,Scribn.,flatrapp,Tracheophyta,Poales,Poaceae,Poa,variety,NE,LC,10.4234,63.4449,7,2008,Unchecked,"",FALSE,"","",d29d79fd-2dc4-4ef5-89b8-cdf66994de0d
Carex flacca,Schreb.,blåstarr,Tracheophyta,Poales,Cyperaceae,Carex,species,NE,NT,10.4216,63.4453,7,2008,Accepted,Valid,FALSE,"","",d29d79fd-2dc4-4ef5-89b8-cdf66994de0d
Linum catharticum,L.,vill-lin,Tracheophyta,Malpighiales,Linaceae,Linum,species,NE,LC,10.421715,63.445212,10,2020,Accepted,Valid,FALSE,"","",b124e1e0-4755-430f-9eab-894f25a9b59c
Vaccinium vitis-idaea,L.,tyttebær,Tracheophyta,Ericales,Ericaceae,Vaccinium,species,LC,LC,10.421859,63.445236,23,2021,Accepted,Valid,FALSE,"","",b124e1e0-4755-430f-9eab-894f25a9b59c
Succisa pratensis,Moench,blåknapp,Tracheophyta,Dipsacales,Caprifoliaceae,Succisa,species,NE,LC,10.421715,63.445212,10,2020,Accepted,Valid,FALSE,"","",b124e1e0-4755-430f-9eab-894f25a9b59c
Convolvulus arvensis,L.,åkervindel,Tracheophyta,Solanales,Convolvulaceae,Convolvulus,species,NE,LC,10.424949,63.444353,10,2007,Accepted,Valid,FALSE,"","",b124e1e0-4755-430f-9eab-894f25a9b59c
Vicia sepium,L.,gjerdevikke,Tracheophyta,Fabales,Fabaceae,Vicia,species,LC,LC,10.42185,63.445276,25,2012,Accepted,Valid,TRUE,Vicia sepium var. alba,smallest ID,b124e1e0-4755-430f-9eab-894f25a9b59c
Rubus idaeus  f. succineus,Rehder,bringebær,Tracheophyta,Rosales,Rosaceae,Rubus,form,NE,LC,10.421859,63.445236,23,2021,Accepted,Valid,TRUE,Rubus idaeus f. albus,Accepted,b124e1e0-4755-430f-9eab-894f25a9b59c
Prunus padus f. glauca,(Nakai) Kitag.,hegg,Tracheophyta,Rosales,Rosaceae,Prunus,form,LC,LC,10.42202,63.445503,6,2021,Unchecked,"",FALSE,"","",50c9509d-22c7-4a22-a47d-8c48425ef4a7
Alchemilla monticola,Opiz,beitemarikåpe,Tracheophyta,Rosales,Rosaceae,Alchemilla,species,NE,LC,10.426153,63.444461,5,2020,Accepted,Valid,FALSE,"","",b124e1e0-4755-430f-9eab-894f25a9b59c
Populus tremula f. rthensis,T.Bunusevac & S.Jovanovic,osp,Tracheophyta,Malpighiales,Salicaceae,Populus,form,LC,LC,10.421303,63.445625,,2020,Unchecked,"",FALSE,"","",50c9509d-22c7-4a22-a47d-8c48425ef4a7
Descurainia sophia,(L.) Webb ex Prantl,hundesennep,Tracheophyta,Brassicales,Brassicaceae,Descurainia,species,NE,LC,10.4235,63.4454,1414,1923,Accepted,Valid,FALSE,"","",d29d79fd-2dc4-4ef5-89b8-cdf66994de0d
Erysimum virgatum,Roth,berggull,Tracheophyta,Brassicales,Brassicaceae,Erysimum,species,NE,LC,10.42185,63.445276,25,2012,Accepted,Valid,FALSE,"","",b124e1e0-4755-430f-9eab-894f25a9b59c
Arabidopsis thaliana,(L.) Heynh.,"",Tracheophyta,Brassicales,Brassicaceae,Arabidopsis,species,NE,LC,10.421859,63.445236,23,2021,Accepted,Valid,FALSE,"","",b124e1e0-4755-430f-9eab-894f25a9b59c
Sagina nodosa,(L.) Fenzl,knopparve,Tracheophyta,Caryophyllales,Caryophyllaceae,Sagina,species,NE,LC,10.42185,63.445276,25,2012,Accepted,Valid,FALSE,"",Not a synonym,b124e1e0-4755-430f-9eab-894f25a9b59c
Senecio dubitabilis,C.Jeffrey & Y.L.Chen,åkersvineblom,Tracheophyta,Asterales,Asteraceae,Senecio,species,NE,LC,10.423522,63.445355,1000,1990,Accepted,Valid,TRUE,Senecio vulgaris var. dubius,"",f06ed729-104f-4e51-9db3-dfd9b228a1be
Lapsana communis  subsp. alpina,(Boiss. & Balansa) P.D.Sell,haremat,Tracheophyta,Asterales,Asteraceae,Lapsana,subspecies,NE,LC,10.425461,63.444108,25,2023,Accepted,Valid,FALSE,"",smallest ID,b124e1e0-4755-430f-9eab-894f25a9b59c
Hieracium umbellatum,L.,skjermsveve,Tracheophyta,Asterales,Asteraceae,Hieracium,species,NE,NE,10.4236,63.445,7,2008,Accepted,Valid,FALSE,"",Not a synonym,d29d79fd-2dc4-4ef5-89b8-cdf66994de0d
Scapania calcicola,(Arnell & J.Perss.) W.Ingham,kalktvebladmose,Marchantiophyta,Jungermanniales,Scapaniaceae,Scapania,species,NE,LC,10.4235,63.4454,1414,1895,Accepted,Valid,FALSE,"","",6728c42d-c4b6-4fda-a211-5ad1bb59cda4
Pseudoleskeella nervosa,(Brid.) Nyholm,broddtråklemose,Bryophyta,Hypnales,Leskeaceae,Pseudoleskeella,species,NE,LC,10.4235,63.4454,1414,1891,Accepted,Valid,FALSE,"","",6728c42d-c4b6-4fda-a211-5ad1bb59cda4
Plagiobryum zierii,(Dicks. ex Hedw.) Lindb.,,Bryophyta,Bryales,Bryaceae,Plagiobryum,species,NE,,10.4235,63.4454,1414,1895,Accepted,Valid,FALSE,"","",6728c42d-c4b6-4fda-a211-5ad1bb59cda4
Barbula convoluta,Hedw.,slireskruemose,Bryophyta,Pottiales,Pottiaceae,Barbula,species,NE,LC,10.4226,63.4447,1,2009,Accepted,Valid,TRUE,Streblotrichum convolutum,"",6728c42d-c4b6-4fda-a211-5ad1bb59cda4
Encalypta streptocarpa,Hedw.,storklokkemose,Bryophyta,Encalyptales,Encalyptaceae,Encalypta,species,NE,LC,10.4232,63.4447,1,2009,Accepted,Valid,FALSE,"","",6728c42d-c4b6-4fda-a211-5ad1bb59cda4
Encalypta ciliata,Hedw.,gullklokkemose,Bryophyta,Encalyptales,Encalyptaceae,Encalypta,species,NE,LC,10.4235,63.4454,1414,1888,Accepted,Valid,FALSE,"","",6728c42d-c4b6-4fda-a211-5ad1bb59cda4
Barbula unguiculata,Hedw.,vegskruemose,Bryophyta,Pottiales,Pottiaceae,Barbula,species,NE,LC,10.4226,63.4447,1,2009,Accepted,Valid,FALSE,"","",6728c42d-c4b6-4fda-a211-5ad1bb59cda4
Tortula muralis,Hedw.,murtustmose,Bryophyta,Pottiales,Pottiaceae,Tortula,species,NE,LC,10.4235,63.4454,1414,1894,Accepted,Valid,FALSE,"","",6728c42d-c4b6-4fda-a211-5ad1bb59cda4
Tortula acaulon,(With.) R.H.Zander,svøpløkmose,Bryophyta,Pottiales,Pottiaceae,Tortula,species,NE,LC,10.4235,63.4454,1414,1888,Accepted,Valid,FALSE,"","",6728c42d-c4b6-4fda-a211-5ad1bb59cda4
Weissia brachycarpa,(Nees & Hornsch.) Jur.,hinnekrusmose,Bryophyta,Pottiales,Pottiaceae,Weissia,species,NE,LC,10.4235,63.4454,1414,1891,Accepted,Valid,FALSE,"","",6728c42d-c4b6-4fda-a211-5ad1bb59cda4
Schistidium apocarpum,(Hedw.) Bruch & Schimp.,storblomstermose,Bryophyta,Grimmiales,Grimmiaceae,Schistidium,species,NE,LC,10.4235,63.4454,1414,1895,Accepted,Valid,FALSE,"","",6728c42d-c4b6-4fda-a211-5ad1bb59cda4
Bartramia pomiformis,Hedw.,eplekulemose,Bryophyta,Bartramiales,Bartramiaceae,Bartramia,species,NE,LC,10.4235,63.4454,1414,1965,Accepted,Valid,FALSE,"","",6728c42d-c4b6-4fda-a211-5ad1bb59cda4
Fissidens dubius var. mucronatus,"(Breidl. ex Limpr.) Kartt., Hedenäs & L. Söderstr.",,Bryophyta,Dicranales,Fissidentaceae,Fissidens,variety,,,10.4216,63.4452,1,2009,Unchecked,"",FALSE,"","",6728c42d-c4b6-4fda-a211-5ad1bb59cda4
Radula complanata,(L.) Dumort.,krinsflatmose,Marchantiophyta,Porellales,Radulaceae,Radula,species,NE,LC,10.4235,63.4454,1414,1895,Accepted,Valid,FALSE,"","",6728c42d-c4b6-4fda-a211-5ad1bb59cda4
Lathyrus pratensis,L.,gulflatbelg,Tracheophyta,Fabales,Fabaceae,Lathyrus,species,LC,LC,10.42185,63.445276,25,2012,Accepted,Valid,FALSE,"","",b124e1e0-4755-430f-9eab-894f25a9b59c
Ulmus glabra,Huds.,alm,Tracheophyta,Rosales,Ulmaceae,Ulmus,species,DD,EN,10.42724,63.444236,5,2020,Accepted,Valid,FALSE,"",Not a synonym,b124e1e0-4755-430f-9eab-894f25a9b59c
Sedum acre  subsp. majus,(Masters) R.T.Clausen,bitterbergknapp,Tracheophyta,Saxifragales,Crassulaceae,Sedum,subspecies,NE,LC,10.427078,63.444116,10,2012,Accepted,Valid,TRUE,Sedum acre var. majus,"",b124e1e0-4755-430f-9eab-894f25a9b59c
Salix myrsinifolia,Salisb.,storvier,Tracheophyta,Malpighiales,Salicaceae,Salix,species,LC,LC,10.424,63.445,,2005,Accepted,Valid,FALSE,"","",040c5662-da76-4782-a48e-cdea1892d14c
Corydalis intermedia,(L.) Mérat,lerkespore,Tracheophyta,Ranunculales,Papaveraceae,Corydalis,species,NE,LC,10.422119,63.445408,8,2023,Accepted,Valid,FALSE,"","",50c9509d-22c7-4a22-a47d-8c48425ef4a7
Porella cordaeana,(Huebener) Moore,lurvteppemose,Marchantiophyta,Porellales,Porellaceae,Porella,species,NE,LC,10.4235,63.4454,1414,1888,Accepted,Valid,FALSE,"","",6728c42d-c4b6-4fda-a211-5ad1bb59cda4
Convallaria majalis,L.,liljekonvall,Tracheophyta,Asparagales,Asparagaceae,Convallaria,species,NE,LC,10.421868,63.445268,25,2010,Accepted,Valid,FALSE,"","",b124e1e0-4755-430f-9eab-894f25a9b59c
Schistidium papillosum,Culm.,rødblomstermose,Bryophyta,Grimmiales,Grimmiaceae,Schistidium,species,NE,LC,10.4235,63.4454,1414,1894,Accepted,Valid,FALSE,"","",6728c42d-c4b6-4fda-a211-5ad1bb59cda4
Eurhynchiastrum pulchellum,(Hedw.) Ignatov & Huttunen,krypmoldmose,Bryophyta,Hypnales,Brachytheciaceae,Eurhynchiastrum,species,NE,LC,10.4235,63.4454,1414,1895,Accepted,Valid,FALSE,"","",6728c42d-c4b6-4fda-a211-5ad1bb59cda4
Ptychostomum salinum,(I.Hagen ex Limpr.) J.R.Spence,fjærevrangmose,Bryophyta,Bryales,Bryaceae,Ptychostomum,species,NE,LC,10.4235,63.4454,1414,1895,Accepted,Valid,FALSE,"","",6728c42d-c4b6-4fda-a211-5ad1bb59cda4
Hylocomiadelphus triquetrus,(Hedw.) Ochyra & Stebel,storkransmose,Bryophyta,Hypnales,Hylocomiaceae,Hylocomiadelphus,species,NE,LC,10.4235,63.4454,1414,1954,Unchecked,"",FALSE,"","",6728c42d-c4b6-4fda-a211-5ad1bb59cda4
Stereodon hamulosus,(Schimp.) Lindb.,seterflette,Bryophyta,Hypnales,Hypnaceae,Stereodon,species,NE,LC,10.4235,63.4454,1414,1895,Unchecked,"",FALSE,"","",6728c42d-c4b6-4fda-a211-5ad1bb59cda4
Leucanthemum eliasii,"(Sennen & Pau) Vogt, Konowalik & Oberpr.",prestekrage,Tracheophyta,Asterales,Asteraceae,Leucanthemum,species,NE,LC,10.421715,63.445212,10,2020,Accepted,Valid,TRUE,Leucanthemum vulgare var. eliasii,smallest ID,b124e1e0-4755-430f-9eab-894f25a9b59c
Flexitrichum gracile,(Mitt.) Ignatov & Fedosov,kjempebust,Bryophyta,Scouleriales,Flexitrichaceae,Flexitrichum,species,NE,LC,10.4235,63.4454,1414,1888,Unchecked,"",FALSE,"","",6728c42d-c4b6-4fda-a211-5ad1bb59cda4
Geheebia fallax,(Hedw.) R.H. Zander,,Bryophyta,Pottiales,Pottiaceae,Geheebia,species,NE,,10.4216,63.4452,1,2009,Unchecked,"",FALSE,"","",6728c42d-c4b6-4fda-a211-5ad1bb59cda4
Asplenium ruta-muraria,L.,murburkne,Tracheophyta,Polypodiales,Aspleniaceae,Asplenium,species,NE,LC,10.423522,63.445355,1000,1990,Accepted,Valid,FALSE,"","",f06ed729-104f-4e51-9db3-dfd9b228a1be
Asplenium septentrionale,(L.) Hoffm.,olavsskjegg,Tracheophyta,Polypodiales,Aspleniaceae,Asplenium,species,NE,LC,10.423522,63.445355,1000,1990,Accepted,Valid,FALSE,"","",f06ed729-104f-4e51-9db3-dfd9b228a1be
Cystopteris fragilis  var. fragilis,"","",Tracheophyta,Polypodiales,Cystopteridaceae,Cystopteris,variety,,LC,10.423522,63.445355,1000,1990,Accepted,Valid,FALSE,"","",f06ed729-104f-4e51-9db3-dfd9b228a1be
Phegopteris connectilis,(Michx.) Watt,hengeving,Tracheophyta,Polypodiales,Thelypteridaceae,Phegopteris,species,NE,LC,10.423522,63.445355,1000,1990,Accepted,Valid,FALSE,"","",f06ed729-104f-4e51-9db3-dfd9b228a1be
Hennediella heimii,(Hedw.) R.H.Zander,fjæremose,Bryophyta,Pottiales,Pottiaceae,Hennediella,species,NE,LC,10.4235,63.4454,1414,1888,Accepted,Valid,FALSE,"","",6728c42d-c4b6-4fda-a211-5ad1bb59cda4
Tortella nitida var. fragilifolia,(Jur.) Köckinger & Hedenäs,,Bryophyta,Pottiales,Pottiaceae,Tortella,variety,,,10.4235,63.4454,1414,1889,Unchecked,"",FALSE,"","",6728c42d-c4b6-4fda-a211-5ad1bb59cda4
Tortella tortuosa,(Hedw.) Limpr.,putevrimose,Bryophyta,Pottiales,Pottiaceae,Tortella,species,NE,LC,10.4235,63.4454,1414,1888,Accepted,Valid,FALSE,"","",6728c42d-c4b6-4fda-a211-5ad1bb59cda4
Aloina brevirostris,(Hook. & Grev.) Kindb.,småtøffelmose,Bryophyta,Pottiales,Pottiaceae,Aloina,species,NE,LC,10.4235,63.4454,1414,1888,Accepted,Valid,FALSE,"","",6728c42d-c4b6-4fda-a211-5ad1bb59cda4
Ulota drummondii,(Hook. & Grev.) Brid.,snutegullhette,Bryophyta,Orthotrichales,Orthotrichaceae,Ulota,species,NE,LC,10.4235,63.4454,1414,1895,Accepted,Valid,FALSE,"","",6728c42d-c4b6-4fda-a211-5ad1bb59cda4
Orthotrichum anomalum,Hedw.,fakkelbustehette,Bryophyta,Orthotrichales,Orthotrichaceae,Orthotrichum,species,NE,LC,10.4235,63.4454,1414,1890,Accepted,Valid,FALSE,"","",6728c42d-c4b6-4fda-a211-5ad1bb59cda4
Racomitrium lanuginosum,(Hedw.) Brid.,heigråmose,Bryophyta,Grimmiales,Grimmiaceae,Racomitrium,species,NE,LC,10.4235,63.4454,1414,1894,Accepted,Valid,FALSE,"","",6728c42d-c4b6-4fda-a211-5ad1bb59cda4
Cynodontium bruntonii,(Sm.) Bruch & Schimp.,duskskortemose,Bryophyta,Dicranales,Dicranaceae,Cynodontium,species,NE,LC,10.4235,63.4454,1414,1895,Accepted,Valid,FALSE,"","",6728c42d-c4b6-4fda-a211-5ad1bb59cda4
Pleuridium subulatum,(Hedw.) Rabenh.,hårfaksmose,Bryophyta,Dicranales,Ditrichaceae,Pleuridium,species,NE,LC,10.4216,63.4452,1,2009,Accepted,Valid,FALSE,"","",6728c42d-c4b6-4fda-a211-5ad1bb59cda4
Aulacomnium androgynum,(Hedw.) Schwägr.,dvergfiltmose,Bryophyta,Aulacomniales,Aulacomniaceae,Aulacomnium,species,NE,LC,10.4235,63.4454,1414,1895,Accepted,Valid,FALSE,"","",6728c42d-c4b6-4fda-a211-5ad1bb59cda4
Rosulabryum capillare,(Hedw.) J.R.Spence,,Bryophyta,Bryales,Bryaceae,Rosulabryum,species,NE,,10.4235,63.4454,1414,1895,Accepted,Valid,FALSE,"","",6728c42d-c4b6-4fda-a211-5ad1bb59cda4
Antitrichia curtipendula,(Timm ex Hedw.) Brid.,ryemose,Bryophyta,Hypnales,Leucodontaceae,Antitrichia,species,NE,LC,10.4235,63.4454,1414,1895,Accepted,Valid,FALSE,"","",6728c42d-c4b6-4fda-a211-5ad1bb59cda4
Rhytidiadelphus loreus,(Hedw.) Warnst.,kystkransmose,Bryophyta,Hypnales,Hylocomiaceae,Rhytidiadelphus,species,NE,LC,10.4235,63.4454,1414,1888,Accepted,Valid,FALSE,"","",6728c42d-c4b6-4fda-a211-5ad1bb59cda4
Rhytidium rugosum,(Ehrh. ex Hedw.) Kindb.,labbmose,Bryophyta,Hypnales,Rhytidiaceae,Rhytidium,species,NE,NT,10.4216,63.4452,1,2009,Accepted,Valid,FALSE,"","",6728c42d-c4b6-4fda-a211-5ad1bb59cda4
Cirriphyllum piliferum,(Hedw.) Grout,lundveikmose,Bryophyta,Hypnales,Brachytheciaceae,Cirriphyllum,species,NE,LC,10.4235,63.4454,1414,1890,Accepted,Valid,FALSE,"","",6728c42d-c4b6-4fda-a211-5ad1bb59cda4
Brachythecium rutabulum,(Hedw.) Schimp.,storlundmose,Bryophyta,Hypnales,Brachytheciaceae,Brachythecium,species,NE,LC,10.4235,63.4454,1414,1888,Accepted,Valid,FALSE,"","",6728c42d-c4b6-4fda-a211-5ad1bb59cda4
Brachythecium rivulare,Schimp.,sumplundmose,Bryophyta,Hypnales,Brachytheciaceae,Brachythecium,species,NE,LC,10.4235,63.4454,1414,1954,Accepted,Valid,FALSE,"","",6728c42d-c4b6-4fda-a211-5ad1bb59cda4
Brachythecium glareosum,(Bruch ex Spruce) Schimp.,gull-lundmose,Bryophyta,Hypnales,Brachytheciaceae,Brachythecium,species,NE,LC,10.4235,63.4454,1414,1894,Accepted,Valid,FALSE,"","",6728c42d-c4b6-4fda-a211-5ad1bb59cda4
Campylium chrysophyllum,(Brid.) Lange,,Bryophyta,Hypnales,Amblystegiaceae,Campylium,species,NE,,10.4235,63.4454,1414,1894,Accepted,Valid,FALSE,"","",6728c42d-c4b6-4fda-a211-5ad1bb59cda4
Hygrohypnum luridum,(Hedw.) Jenn.,lurvbekkemose,Bryophyta,Hypnales,Amblystegiaceae,Hygrohypnum,species,NE,LC,10.4235,63.4454,1414,1888,Accepted,Valid,FALSE,"","",6728c42d-c4b6-4fda-a211-5ad1bb59cda4
Sanionia uncinata,(Hedw.) Loeske,klobleikmose,Bryophyta,Hypnales,Amblystegiaceae,Sanionia,species,NE,LC,10.4235,63.4454,1414,1888,Accepted,Valid,FALSE,"","",6728c42d-c4b6-4fda-a211-5ad1bb59cda4
Palustriella commutata,(Hedw.) Ochyra,kalktuffmose,Bryophyta,Hypnales,Amblystegiaceae,Palustriella,species,NE,LC,10.4235,63.4454,1414,1889,Accepted,Valid,FALSE,"","",6728c42d-c4b6-4fda-a211-5ad1bb59cda4
Hypnum resupinatum,Taylor,"",Bryophyta,Hypnales,Hypnaceae,Hypnum,species,NE,LC,10.4235,63.4454,1414,1895,Accepted,Valid,FALSE,"","",6728c42d-c4b6-4fda-a211-5ad1bb59cda4
Homomallium incurvatum,(Schrad. ex Brid.) Loeske,klamremose,Bryophyta,Hypnales,Pylaisiaceae,Homomallium,species,NE,LC,10.4235,63.4454,1414,1895,Accepted,Valid,FALSE,"","",6728c42d-c4b6-4fda-a211-5ad1bb59cda4
Juniperus communis,L.,einer,Tracheophyta,Pinales,Cupressaceae,Juniperus,species,LC,LC,10.423522,63.445355,1000,1990,Accepted,Valid,FALSE,"",Not a synonym,f06ed729-104f-4e51-9db3-dfd9b228a1be
Equisetum sylvaticum,L.,skogsnelle,Tracheophyta,Equisetales,Equisetaceae,Equisetum,species,NE,LC,10.423522,63.445355,1000,1990,Accepted,Valid,FALSE,"","",f06ed729-104f-4e51-9db3-dfd9b228a1be
Equisetum pratense,Ehrh.,engsnelle,Tracheophyta,Equisetales,Equisetaceae,Equisetum,species,NE,LC,10.423522,63.445355,1000,1990,Accepted,Valid,FALSE,"","",f06ed729-104f-4e51-9db3-dfd9b228a1be
Frullania tamarisci,(L.) Dumort.,matteblæremose,Marchantiophyta,Porellales,Frullaniaceae,Frullania,species,NE,LC,10.4235,63.4454,1414,1888,Accepted,Valid,FALSE,"","",6728c42d-c4b6-4fda-a211-5ad1bb59cda4
Frullania dilatata,(L.) Dumort.,hjelmblæremose,Marchantiophyta,Porellales,Frullaniaceae,Frullania,species,NE,LC,10.4235,63.4454,1414,1888,Accepted,Valid,FALSE,"","",6728c42d-c4b6-4fda-a211-5ad1bb59cda4
Lepidozia reptans,(L.) Dumort.,skogkrekmose,Marchantiophyta,Jungermanniales,Lepidoziaceae,Lepidozia,species,NE,LC,10.4235,63.4454,1414,1889,Accepted,Valid,FALSE,"","",6728c42d-c4b6-4fda-a211-5ad1bb59cda4
Schistochilopsis incisa,(Schrad.) Konstantinova,lurvflik,Marchantiophyta,Jungermanniales,Scapaniaceae,Schistochilopsis,species,NE,LC,10.4235,63.4454,1414,1888,Accepted,Valid,FALSE,"","",6728c42d-c4b6-4fda-a211-5ad1bb59cda4
Tritomaria exsectiformis,(Breidl.) Schiffner ex Loeske,stihoggtann,Marchantiophyta,Jungermanniales,Lophoziaceae,Tritomaria,species,NE,LC,10.4235,63.4454,1414,1895,Accepted,Valid,FALSE,"","",6728c42d-c4b6-4fda-a211-5ad1bb59cda4
Isopaches bicrenatus,(Schmidel) H.Buch,aurflik,Marchantiophyta,Jungermanniales,Anastrophyllaceae,Isopaches,species,NE,LC,10.4235,63.4454,1414,1895,Accepted,Valid,FALSE,"","",6728c42d-c4b6-4fda-a211-5ad1bb59cda4
Nardus stricta var. minor,Guffroy,finnskjegg,Tracheophyta,Poales,Poaceae,Nardus,variety,NE,LC,10.423522,63.445355,1000,1990,Unchecked,"",FALSE,"","",f06ed729-104f-4e51-9db3-dfd9b228a1be
Danthonia decumbens,DC.,knegras,Tracheophyta,Poales,Poaceae,Danthonia,species,NE,LC,10.4226,63.4453,7,2008,Accepted,Valid,FALSE,"","",d29d79fd-2dc4-4ef5-89b8-cdf66994de0d
Poa pratensis,L.,,Tracheophyta,Poales,Poaceae,Poa,species,,,10.423522,63.445355,1000,1990,Accepted,Valid,TRUE,Poa pratensis subsp. pratensis,"",f06ed729-104f-4e51-9db3-dfd9b228a1be
Poa glauca,Vahl,blårapp,Tracheophyta,Poales,Poaceae,Poa,species,NE,LC,10.423522,63.445355,1000,1990,Accepted,Valid,FALSE,"",Not a synonym,f06ed729-104f-4e51-9db3-dfd9b228a1be
Poa nemoralis,L.,lundrapp,Tracheophyta,Poales,Poaceae,Poa,species,NE,LC,10.423522,63.445355,1000,1990,Accepted,Valid,TRUE,Poa nemoralis var. acuta,smallest ID,f06ed729-104f-4e51-9db3-dfd9b228a1be
Puccinellia distans,(Jacq.) Parl.,kanellav,Tracheophyta,Poales,Poaceae,Puccinellia,species,NE,LC,10.423522,63.445355,1000,1990,Accepted,Valid,FALSE,"","",f06ed729-104f-4e51-9db3-dfd9b228a1be
Festuca ovina L.,,sauesvingel,Tracheophyta,Poales,,,,NE,LC,10.423522,63.445355,1000,1990,,,FALSE,"",no match found,f06ed729-104f-4e51-9db3-dfd9b228a1be
Anthoxanthum odoratum,L.,gulaks,Tracheophyta,Poales,Poaceae,Anthoxanthum,species,NE,LC,10.423522,63.445355,1000,1990,Accepted,Valid,FALSE,"","",f06ed729-104f-4e51-9db3-dfd9b228a1be
Leymus arenarius,Hochst.,strandrug,Tracheophyta,Poales,Poaceae,Leymus,species,NE,LC,10.423522,63.445355,1000,1990,Accepted,Valid,FALSE,"","",f06ed729-104f-4e51-9db3-dfd9b228a1be
Agrostis capillaris,L.,engkvein,Tracheophyta,Poales,Poaceae,Agrostis,species,NE,LC,10.423522,63.445355,1000,1990,Accepted,Valid,FALSE,"","",f06ed729-104f-4e51-9db3-dfd9b228a1be
Blysmus rufus,Link,rustsivaks,Tracheophyta,Poales,Cyperaceae,Blysmus,species,NE,LC,10.4235,63.4454,1414,,Accepted,Valid,FALSE,"","",d29d79fd-2dc4-4ef5-89b8-cdf66994de0d
Carex ornithopoda,Willd.,fuglestarr,Tracheophyta,Poales,Cyperaceae,Carex,species,NE,LC,10.421841,63.445188,5,2022,Accepted,Valid,FALSE,"","",b124e1e0-4755-430f-9eab-894f25a9b59c
Carex panicea,L.,kornstarr,Tracheophyta,Poales,Cyperaceae,Carex,species,NE,LC,10.423522,63.445355,1000,1990,Accepted,Valid,TRUE,Carex panicea f. nigra,"",f06ed729-104f-4e51-9db3-dfd9b228a1be
Carex pallescens,L.,bleikstarr,Tracheophyta,Poales,Cyperaceae,Carex,species,NE,LC,10.423522,63.445355,1000,1990,Accepted,Valid,TRUE,Carex pallescens f. elatior,smallest ID,f06ed729-104f-4e51-9db3-dfd9b228a1be
Maianthemum bifolium,(L.) F.W.Schmidt,maiblom,Tracheophyta,Asparagales,Asparagaceae,Maianthemum,species,NE,LC,10.423522,63.445355,1000,1990,Accepted,Valid,FALSE,"","",f06ed729-104f-4e51-9db3-dfd9b228a1be
Polygonatum verticillatum,(L.) All.,kranskonvall,Tracheophyta,Asparagales,Asparagaceae,Polygonatum,species,NE,LC,10.423522,63.445355,1000,1990,Accepted,Valid,FALSE,"","",f06ed729-104f-4e51-9db3-dfd9b228a1be
Calluna vulgaris,(L.) Hill,røsslyng,Tracheophyta,Ericales,Ericaceae,Calluna,species,NE,LC,10.423522,63.445355,1000,1990,Accepted,Valid,FALSE,"","",f06ed729-104f-4e51-9db3-dfd9b228a1be
Arctostaphylos uva-ursi,(L.) Spreng.,melbær,Tracheophyta,Ericales,Ericaceae,Arctostaphylos,species,NE,LC,10.423522,63.445355,1000,1990,Accepted,Valid,FALSE,"","",f06ed729-104f-4e51-9db3-dfd9b228a1be
Vaccinium myrtillus,L.,blåbær,Tracheophyta,Ericales,Ericaceae,Vaccinium,species,NE,LC,10.423522,63.445355,1000,1990,Accepted,Valid,FALSE,"","",f06ed729-104f-4e51-9db3-dfd9b228a1be
Viburnum opulus f. flavum,(Horw.) P.D.Sell,korsved,Tracheophyta,Dipsacales,Viburnaceae,Viburnum,form,NE,LC,10.423522,63.445355,1000,1990,Unchecked,Illegitimate,FALSE,"",smallest ID,f06ed729-104f-4e51-9db3-dfd9b228a1be
Rumex acetosella,L.,småsyre,Tracheophyta,Caryophyllales,Polygonaceae,Rumex,species,,LC,10.423522,63.445355,1000,1990,Accepted,Valid,TRUE,Rumex acetosella subsp. acetosella,"",f06ed729-104f-4e51-9db3-dfd9b228a1be
Persicaria vivipara,(L.) Ronse Decr.,harerug,Tracheophyta,Caryophyllales,Polygonaceae,Persicaria,species,NE,LC,10.423522,63.445355,1000,1990,Accepted,Valid,TRUE,Bistorta vivipara,smallest ID,f06ed729-104f-4e51-9db3-dfd9b228a1be
Geranium robertianum,L.,stankstorkenebb,Tracheophyta,Geraniales,Geraniaceae,Geranium,species,NE,LC,10.423522,63.445355,1000,1990,Accepted,Valid,FALSE,"","",f06ed729-104f-4e51-9db3-dfd9b228a1be
Galium aparine,L.,klengemaure,Tracheophyta,Gentianales,Rubiaceae,Galium,species,NE,LC,10.423522,63.445355,1000,1990,Accepted,Valid,TRUE,Galium aparine var. verum,smallest ID,f06ed729-104f-4e51-9db3-dfd9b228a1be
Asperugo procumbens,L.,gåsefot,Tracheophyta,Boraginales,Boraginaceae,Asperugo,species,NE,EN,10.423522,63.445355,1000,1990,Accepted,Valid,FALSE,"","",f06ed729-104f-4e51-9db3-dfd9b228a1be
Lamium purpureum  var. incisum,(Willd.) Pers.,rødtvetann,Tracheophyta,Lamiales,Lamiaceae,Lamium,variety,NE,LC,10.423522,63.445355,1000,1990,Accepted,Valid,FALSE,"",Accepted,f06ed729-104f-4e51-9db3-dfd9b228a1be
Clinopodium acinos,Kuntze,bakkemynte,Tracheophyta,Lamiales,Lamiaceae,Clinopodium,species,NE,LC,10.426189,63.444501,10,2007,Accepted,Valid,FALSE,"","",b124e1e0-4755-430f-9eab-894f25a9b59c
Lamium galeobdolon,(L.) L.,mjuktjafs,Tracheophyta,Lamiales,Lamiaceae,Lamium,species,,VU,10.426647,63.444417,5,2020,Accepted,Valid,TRUE,Lamiastrum galeobdolon,"",b124e1e0-4755-430f-9eab-894f25a9b59c
Vicia sylvatica var. violacea,Behm,skogvikke,Tracheophyta,Fabales,Fabaceae,Vicia,variety,NE,LC,10.423522,63.445355,1000,1990,Unchecked,Valid,FALSE,"","",f06ed729-104f-4e51-9db3-dfd9b228a1be
Filipendula ulmaria,(L.) Maxim.,mjødurt,Tracheophyta,Rosales,Rosaceae,Filipendula,species,LC,LC,10.423522,63.445355,1000,1990,Accepted,Valid,FALSE,"",Accepted,f06ed729-104f-4e51-9db3-dfd9b228a1be
Rosa majalis,Herrm.,kanelrose,Tracheophyta,Rosales,Rosaceae,Rosa,species,NE,LC,10.423522,63.445355,1000,1990,Accepted,Valid,FALSE,"",Accepted,f06ed729-104f-4e51-9db3-dfd9b228a1be
Rosa mollis f. atona,Matsson,bustnype,Tracheophyta,Rosales,Rosaceae,Rosa,form,NE,LC,10.421715,63.445212,10,2020,Unchecked,"",FALSE,"","",b124e1e0-4755-430f-9eab-894f25a9b59c
Sorbus aucuparia,L.,rogn,Tracheophyta,Rosales,Rosaceae,Sorbus,species,LC,LC,10.423522,63.445355,1000,1990,Accepted,Valid,TRUE,Sorbus aucuparia var. typica,"",f06ed729-104f-4e51-9db3-dfd9b228a1be
Amelanchier humilis,Wiegand,,Tracheophyta,Rosales,Rosaceae,Amelanchier,species,NE,,10.421859,63.445236,23,2021,Accepted,Valid,FALSE,"",Accepted,b124e1e0-4755-430f-9eab-894f25a9b59c
Alchemilla filicaulis,Buser,grannmarikåpe,Tracheophyta,Rosales,Rosaceae,Alchemilla,species,NE,LC,10.4235,63.4454,1414,1901,Accepted,Valid,FALSE,"",Accepted,e45c7d91-81c6-4455-86e3-2965a5739b1f
Alchemilla glabra,Neygenf.,glattmarikåpe,Tracheophyta,Rosales,Rosaceae,Alchemilla,species,NE,LC,10.423522,63.445355,1000,1990,Accepted,Valid,FALSE,"",Not a synonym,f06ed729-104f-4e51-9db3-dfd9b228a1be
Alchemilla micans,Buser,glansmarikåpe,Tracheophyta,Rosales,Rosaceae,Alchemilla,species,NE,LC,10.4236,63.4449,7,2008,Accepted,Valid,FALSE,"","",d29d79fd-2dc4-4ef5-89b8-cdf66994de0d
Anemonoides quinquefolia,(L.) Holub,hvitveis,Tracheophyta,Ranunculales,Ranunculaceae,Anemonoides,species,NE,LC,10.423522,63.445355,1000,1990,Accepted,Valid,TRUE,Anemone nemorosa f. nitida,"",f06ed729-104f-4e51-9db3-dfd9b228a1be
Ranunculus acris,L.,bakkesoleie,Tracheophyta,Ranunculales,Ranunculaceae,Ranunculus,species,NE,LC,10.423522,63.445355,1000,1990,Accepted,Valid,TRUE,Ranunculus acris f. acris,"",f06ed729-104f-4e51-9db3-dfd9b228a1be
Carum carvi,L.,karve,Tracheophyta,Apiales,Apiaceae,Carum,species,NE,LC,10.423522,63.445355,1000,1990,Accepted,Valid,TRUE,Carum carvi f. carvi,"",f06ed729-104f-4e51-9db3-dfd9b228a1be
Heracleum sphondylium  subsp. sibiricum,(L.) Simonk.,sibirbjørnekjeks,Tracheophyta,Apiales,Apiaceae,Heracleum,subspecies,NE,LC,10.423522,63.445355,1000,1990,Accepted,Valid,FALSE,"","",f06ed729-104f-4e51-9db3-dfd9b228a1be
Hippophae rhamnoides,L.,,Tracheophyta,Rosales,Elaeagnaceae,Hippophae,species,LC,,10.4224,63.4451,7,2008,Accepted,Valid,FALSE,"","",d29d79fd-2dc4-4ef5-89b8-cdf66994de0d
Rhamnus cathartica,L.,geitved,Tracheophyta,Rosales,Rhamnaceae,Rhamnus,species,LC,LC,10.426719,63.444345,5,2020,Accepted,Valid,FALSE,"","",b124e1e0-4755-430f-9eab-894f25a9b59c
Sinapis arvensis,L.,åkersennep,Tracheophyta,Brassicales,Brassicaceae,Sinapis,species,NE,LC,10.423522,63.445355,1000,1990,Accepted,Valid,TRUE,Sinapis arvensis f. orientalis,smallest ID,f06ed729-104f-4e51-9db3-dfd9b228a1be
Erysimum incanum,Kunze,,Tracheophyta,Brassicales,Brassicaceae,Erysimum,species,NE,,10.423522,63.445355,1000,1990,Accepted,Valid,TRUE,Erysimum strictum,smallest ID,f06ed729-104f-4e51-9db3-dfd9b228a1be
Thlaspi arvense,L.,pengeurt,Tracheophyta,Brassicales,Brassicaceae,Thlaspi,species,NE,LC,10.423522,63.445355,1000,1990,Accepted,Valid,FALSE,"","",f06ed729-104f-4e51-9db3-dfd9b228a1be
Cornus suecica,L.,skrubbær,Tracheophyta,Cornales,Cornaceae,Cornus,species,NE,LC,10.423522,63.445355,1000,1990,Accepted,Valid,TRUE,Cornus suecica f. suecica,"",f06ed729-104f-4e51-9db3-dfd9b228a1be
Atriplex prostrata,Boucher ex DC.,fjæremelde,Tracheophyta,Caryophyllales,Amaranthaceae,Atriplex,species,,LC,10.423522,63.445355,1000,1990,Accepted,Valid,FALSE,"",Not a synonym,f06ed729-104f-4e51-9db3-dfd9b228a1be
Moehringia trinervia,[Clairv.],maurarve,Tracheophyta,Caryophyllales,Caryophyllaceae,Moehringia,species,NE,LC,10.423522,63.445355,1000,1990,Accepted,Valid,FALSE,"","",f06ed729-104f-4e51-9db3-dfd9b228a1be
Sagina procumbens,L.,tunarve,Tracheophyta,Caryophyllales,Caryophyllaceae,Sagina,species,NE,LC,10.423522,63.445355,1000,1990,Accepted,Valid,TRUE,Sagina procumbens var. compacta,"",f06ed729-104f-4e51-9db3-dfd9b228a1be
Dianthus deltoides,L.,engnellik,Tracheophyta,Caryophyllales,Caryophyllaceae,Dianthus,species,NE,LC,10.425623,63.445658,5,2020,Accepted,Valid,FALSE,"","",b124e1e0-4755-430f-9eab-894f25a9b59c
Cerastium fontanum,Baumg.,arve,Tracheophyta,Caryophyllales,Caryophyllaceae,Cerastium,species,NE,LC,10.423522,63.445355,1000,1990,Accepted,Valid,FALSE,"","",f06ed729-104f-4e51-9db3-dfd9b228a1be
Cicerbita alpina,Wallr.,turt,Tracheophyta,Asterales,Asteraceae,Cicerbita,species,NE,LC,10.423522,63.445355,1000,1990,Accepted,Valid,FALSE,"","",f06ed729-104f-4e51-9db3-dfd9b228a1be
Sonchus arvensis var. nanus,Phil.,åkerdylle,Tracheophyta,Asterales,Asteraceae,Sonchus,variety,NT,LC,10.423522,63.445355,1000,1990,Unchecked,"",FALSE,"","",f06ed729-104f-4e51-9db3-dfd9b228a1be
Cirsium vulgare,(Savi) Ten.,veitistel,Tracheophyta,Asterales,Asteraceae,Cirsium,species,NE,LC,10.423522,63.445355,1000,1990,Accepted,Valid,FALSE,"",Not a synonym,f06ed729-104f-4e51-9db3-dfd9b228a1be
Cirsium arvense,(L.) Scop.,åkertistel,Tracheophyta,Asterales,Asteraceae,Cirsium,species,NE,LC,10.423522,63.445355,1000,1990,Accepted,Valid,FALSE,"","",f06ed729-104f-4e51-9db3-dfd9b228a1be
Cirsium heterophyllum,(L.) Hill,hvitbladtistel,Tracheophyta,Asterales,Asteraceae,Cirsium,species,NE,LC,10.423522,63.445355,1000,1990,Accepted,Valid,FALSE,"","",f06ed729-104f-4e51-9db3-dfd9b228a1be
Carduus crispus,L.,krusetistel,Tracheophyta,Asterales,Asteraceae,Carduus,species,NE,LC,10.423522,63.445355,1000,1990,Accepted,Valid,TRUE,Carduus crispus var. albus,"",f06ed729-104f-4e51-9db3-dfd9b228a1be
Bellis perennis,L.,"",Tracheophyta,Asterales,Asteraceae,Bellis,species,NE,NE,10.423522,63.445355,1000,1990,Accepted,Valid,TRUE,Bellis perennis f. plena,"",f06ed729-104f-4e51-9db3-dfd9b228a1be
Hieracium caesium,Fr.,,Tracheophyta,Asterales,Asteraceae,Hieracium,species,NE,,10.4235,63.4454,1414,1907,Accepted,Valid,FALSE,"","",d29d79fd-2dc4-4ef5-89b8-cdf66994de0d
Scrophularia nodosa,L.,brunrot,Tracheophyta,Lamiales,Scrophulariaceae,Scrophularia,species,NE,LC,10.423522,63.445355,1000,1990,Accepted,Valid,FALSE,"","",f06ed729-104f-4e51-9db3-dfd9b228a1be
Verbascum thapsus,L.,filtkongslys,Tracheophyta,Lamiales,Scrophulariaceae,Verbascum,species,NE,LC,10.423522,63.445355,1000,1990,Accepted,Valid,TRUE,Verbascum thapsus var. boreale,Accepted,f06ed729-104f-4e51-9db3-dfd9b228a1be
Rhinanthus minor var. minor,"",småengkall,Tracheophyta,Lamiales,Orobanchaceae,Rhinanthus,variety,NE,LC,10.423522,63.445355,1000,1990,Unchecked,"",FALSE,"","",f06ed729-104f-4e51-9db3-dfd9b228a1be
Veronica officinalis,L.,legeveronika,Tracheophyta,Lamiales,Plantaginaceae,Veronica,species,NE,LC,10.423522,63.445355,1000,1990,Accepted,Valid,FALSE,"","",f06ed729-104f-4e51-9db3-dfd9b228a1be
Veronica serpyllifolia,L.,bleikveronika,Tracheophyta,Lamiales,Plantaginaceae,Veronica,species,,LC,10.423522,63.445355,1000,1990,Accepted,Valid,TRUE,Veronica serpyllifolia var. serpyllifolia,"",f06ed729-104f-4e51-9db3-dfd9b228a1be
Fraxinus excelsior,L.,ask,Tracheophyta,Lamiales,Oleaceae,Fraxinus,species,NT,EN,10.423522,63.445355,1000,1990,Accepted,Valid,FALSE,"","",f06ed729-104f-4e51-9db3-dfd9b228a1be
Plantago media f. ovata,P.Snarskis,dunkjempe,Tracheophyta,Lamiales,Plantaginaceae,Plantago,form,NE,LC,10.423522,63.445355,1000,1990,Unchecked,"",FALSE,"",smallest ID,f06ed729-104f-4e51-9db3-dfd9b228a1be
Plantago maritima  subsp. ciliata,Printz,strandkjempe,Tracheophyta,Lamiales,Plantaginaceae,Plantago,subspecies,LC,LC,10.423522,63.445355,1000,1990,Accepted,Valid,TRUE,Plantago maritima var. salsa,"",f06ed729-104f-4e51-9db3-dfd9b228a1be
Plantago major f. dura,(Pilg.) Domin,groblad,Tracheophyta,Lamiales,Plantaginaceae,Plantago,form,LC,LC,10.423522,63.445355,1000,1990,Unchecked,"",FALSE,"","",f06ed729-104f-4e51-9db3-dfd9b228a1be
Acer platanoides,L.,spisslønn,Tracheophyta,Sapindales,Sapindaceae,Acer,species,LC,LC,10.423522,63.445355,1000,1990,Accepted,Valid,TRUE,Acer platanoides f. nanum,"",f06ed729-104f-4e51-9db3-dfd9b228a1be
Epilobium montanum,L.,krattmjølke,Tracheophyta,Myrtales,Onagraceae,Epilobium,species,NE,LC,10.423522,63.445355,1000,1990,Accepted,Valid,FALSE,"",Not a synonym,f06ed729-104f-4e51-9db3-dfd9b228a1be
Epilobium collinum,C.C.Gmel.,bergmjølke,Tracheophyta,Myrtales,Onagraceae,Epilobium,species,NE,LC,10.42185,63.445276,25,2012,Accepted,Valid,FALSE,"","",b124e1e0-4755-430f-9eab-894f25a9b59c
Euphrasia scottica,Wettst.,skotsk øyentrøst,Tracheophyta,Lamiales,Orobanchaceae,Euphrasia,species,NE,NT,10.423522,63.445355,1000,1990,Accepted,Valid,FALSE,"","",f06ed729-104f-4e51-9db3-dfd9b228a1be
Melica picta,K.Koch,hengeaks,Tracheophyta,Poales,Poaceae,Melica,species,NE,LC,10.423522,63.445355,1000,1990,Accepted,Valid,TRUE,Melica nutans var. picta,"",f06ed729-104f-4e51-9db3-dfd9b228a1be
Avenella flexuosa,(L.) Drejer,smyle,Tracheophyta,Poales,Poaceae,Avenella,species,DD,LC,10.423522,63.445355,1000,1990,Accepted,Valid,FALSE,"","",f06ed729-104f-4e51-9db3-dfd9b228a1be
Lophocolea minor,Nees,grynblonde,Marchantiophyta,Jungermanniales,Lophocoleaceae,Lophocolea,species,NE,LC,10.4235,63.4454,1414,1888,Accepted,Valid,FALSE,"","",6728c42d-c4b6-4fda-a211-5ad1bb59cda4
Lophocolea heterophylla,(Schrad.) Dumort.,stubbeblonde,Marchantiophyta,Jungermanniales,Lophocoleaceae,Lophocolea,species,NE,LC,10.4235,63.4454,1414,1895,Accepted,Valid,FALSE,"","",6728c42d-c4b6-4fda-a211-5ad1bb59cda4
Lophocolea bidentata,(L.) Dumort.,totannblonde,Marchantiophyta,Jungermanniales,Lophocoleaceae,Lophocolea,species,NE,LC,10.4235,63.4454,1414,1888,Accepted,Valid,FALSE,"","",6728c42d-c4b6-4fda-a211-5ad1bb59cda4
Scapania scandica,(Arnell & H.Buch) Macvicar,"",Marchantiophyta,Jungermanniales,Scapaniaceae,Scapania,species,NE,NE,10.4235,63.4454,1414,1895,Accepted,Valid,FALSE,"","",6728c42d-c4b6-4fda-a211-5ad1bb59cda4
Ulota crispa,(Hedw.) Brid.,oregullhette,Bryophyta,Orthotrichales,Orthotrichaceae,Ulota,species,NE,LC,10.4235,63.4454,1414,1894,Accepted,Valid,TRUE,Ulota crispula,"",6728c42d-c4b6-4fda-a211-5ad1bb59cda4
Oxyrrhynchium hians,(Hedw.) Loeske,oremoldmose,Bryophyta,Hypnales,Brachytheciaceae,Oxyrrhynchium,species,NE,LC,10.4235,63.4454,1414,1895,Accepted,Valid,FALSE,"","",6728c42d-c4b6-4fda-a211-5ad1bb59cda4
Gymnostomum aeruginosum var. obscurum,J. Guerra,storbergrotmose,Bryophyta,Pottiales,Pottiaceae,Gymnostomum,variety,NE,LC,10.4235,63.4454,1414,1888,Unchecked,"",FALSE,"","",6728c42d-c4b6-4fda-a211-5ad1bb59cda4
Polypodium vulgare,L.,sisselrot,Tracheophyta,Polypodiales,Polypodiaceae,Polypodium,species,NE,LC,10.423522,63.445355,1000,1990,Accepted,Valid,FALSE,"","",f06ed729-104f-4e51-9db3-dfd9b228a1be
Athyrium filix-femina,(L.) Roth,skogburkne,Tracheophyta,Polypodiales,Aspleniaceae,Athyrium,species,NE,LC,10.423522,63.445355,1000,1990,Accepted,Valid,FALSE,"","",f06ed729-104f-4e51-9db3-dfd9b228a1be
Dryopteris expansa,(C.Presl) Fraser-Jenk. & Jermy,sauetelg,Tracheophyta,Polypodiales,Dryopteridaceae,Dryopteris,species,NE,LC,10.423522,63.445355,1000,1990,Accepted,Valid,FALSE,"","",f06ed729-104f-4e51-9db3-dfd9b228a1be
Dryopteris filix-mas,(L.) Schott,ormetelg,Tracheophyta,Polypodiales,Dryopteridaceae,Dryopteris,species,NE,LC,10.423522,63.445355,1000,1990,Accepted,Valid,FALSE,"","",f06ed729-104f-4e51-9db3-dfd9b228a1be
Dryopteris carthusiana,(Vill.) H.P.Fuchs,broddtelg,Tracheophyta,Polypodiales,Dryopteridaceae,Dryopteris,species,NE,LC,10.423522,63.445355,1000,1990,Accepted,Valid,FALSE,"","",f06ed729-104f-4e51-9db3-dfd9b228a1be
Tortula cernua,(Huebener) Lindb.,kryltustmose,Bryophyta,Pottiales,Pottiaceae,Tortula,species,NE,EN,10.4235,63.4454,1414,1895,Accepted,Valid,FALSE,"","",6728c42d-c4b6-4fda-a211-5ad1bb59cda4
Fissidens adianthoides,Hedw.,saglommemose,Bryophyta,Dicranales,Fissidentaceae,Fissidens,species,NE,LC,10.4235,63.4454,1414,1888,Accepted,Valid,FALSE,"","",6728c42d-c4b6-4fda-a211-5ad1bb59cda4
Ceratodon purpureus,(Hedw.) Brid.,ugrasvegmose,Bryophyta,Dicranales,Ditrichaceae,Ceratodon,species,NE,LC,10.4235,63.4454,1414,1891,Accepted,Valid,FALSE,"","",6728c42d-c4b6-4fda-a211-5ad1bb59cda4
Grimmia torquata,Drumm.,krusknausing,Bryophyta,Grimmiales,Grimmiaceae,Grimmia,species,NE,LC,10.4235,63.4454,1414,1888,Accepted,Valid,FALSE,"","",6728c42d-c4b6-4fda-a211-5ad1bb59cda4
Grimmia hartmanii,Schimp.,sigdknausing,Bryophyta,Grimmiales,Grimmiaceae,Grimmia,species,NE,LC,10.4235,63.4454,1414,1888,Accepted,Valid,FALSE,"","",6728c42d-c4b6-4fda-a211-5ad1bb59cda4
Grimmia laevigata,(Brid.) Brid.,fjordknausing,Bryophyta,Grimmiales,Grimmiaceae,Grimmia,species,NE,VU,10.4235,63.4454,1414,1825,Accepted,Valid,FALSE,"",Accepted,68a0650f-96ae-499c-8b2a-a4f92c01e4b3
Ditrichum pusillum,(Hedw.) Hampe,falsbust,Bryophyta,Dicranales,Ditrichaceae,Ditrichum,species,NE,LC,10.4216,63.4452,1,2009,Accepted,Valid,FALSE,"","",6728c42d-c4b6-4fda-a211-5ad1bb59cda4
Pohlia cruda,(Hedw.) Lindb.,opalnikke,Bryophyta,Bryales,Mniaceae,Pohlia,species,NE,LC,10.4235,63.4454,1414,1888,Accepted,Valid,FALSE,"","",6728c42d-c4b6-4fda-a211-5ad1bb59cda4
Mnium stellare,Reichard ex Hedw.,stjernetornemose,Bryophyta,Bryales,Mniaceae,Mnium,species,NE,LC,10.4235,63.4454,1414,1888,Accepted,Valid,FALSE,"","",6728c42d-c4b6-4fda-a211-5ad1bb59cda4
Mnium thomsonii,Schimp.,bergtornemose,Bryophyta,Bryales,Mniaceae,Mnium,species,NE,LC,10.4235,63.4454,1414,1889,Accepted,Valid,FALSE,"","",6728c42d-c4b6-4fda-a211-5ad1bb59cda4
Leucodon sciuroides,(Hedw.) Schwägr.,ekornmose,Bryophyta,Hypnales,Leucodontaceae,Leucodon,species,NE,LC,10.4216,63.4452,1,2009,Accepted,Valid,FALSE,"","",6728c42d-c4b6-4fda-a211-5ad1bb59cda4
Fissidens bryoides,Hedw.,dverglommemose,Bryophyta,Dicranales,Fissidentaceae,Fissidens,species,NE,LC,10.4235,63.4454,1414,1888,Accepted,Valid,FALSE,"","",6728c42d-c4b6-4fda-a211-5ad1bb59cda4
Tetraphis pellucida,Hedw.,firtannmose,Bryophyta,Tetraphidales,Tetraphidaceae,Tetraphis,species,NE,LC,10.4235,63.4454,1414,1888,Accepted,Valid,FALSE,"","",6728c42d-c4b6-4fda-a211-5ad1bb59cda4
Abietinella abietina,(Hedw.) M.Fleisch.,granmose,Bryophyta,Hypnales,Thuidiaceae,Abietinella,species,NE,LC,10.4235,63.4454,1414,1888,Accepted,Valid,FALSE,"","",6728c42d-c4b6-4fda-a211-5ad1bb59cda4
Anomodon viticulosus,(Hedw.) Hook. & Taylor,kalkraggmose,Bryophyta,Hypnales,Anomodontaceae,Anomodon,species,NE,LC,10.4235,63.4454,1414,1888,Accepted,Valid,FALSE,"","",6728c42d-c4b6-4fda-a211-5ad1bb59cda4
Plagiothecium denticulatum,(Hedw.) Schimp.,flakjamnemose,Bryophyta,Hypnales,Plagiotheciaceae,Plagiothecium,species,NE,LC,10.4235,63.4454,1414,1888,Accepted,Valid,FALSE,"","",6728c42d-c4b6-4fda-a211-5ad1bb59cda4
Myurella julacea,(Schwägr.) Schimp.,skåltrinnmose,Bryophyta,Hypnales,Theliaceae,Myurella,species,NE,LC,10.4235,63.4454,1414,1888,Accepted,Valid,FALSE,"","",6728c42d-c4b6-4fda-a211-5ad1bb59cda4
Ptilium crista-castrensis,(Hedw.) De Not.,fjærmose,Bryophyta,Hypnales,Pylaisiaceae,Ptilium,species,NE,LC,10.4235,63.4454,1414,1888,Accepted,Valid,FALSE,"","",6728c42d-c4b6-4fda-a211-5ad1bb59cda4
Entodon concinnus,(De Not.) Paris,hyllemose,Bryophyta,Hypnales,Entodontaceae,Entodon,species,NE,LC,10.4216,63.4452,1,2009,Accepted,Valid,FALSE,"","",6728c42d-c4b6-4fda-a211-5ad1bb59cda4
Andreaea rupestris,Hedw.,grannsotmose,Bryophyta,Andreaeales,Andreaeaceae,Andreaea,species,NE,VU,10.4235,63.4454,1414,1888,Accepted,Valid,FALSE,"",Accepted,6728c42d-c4b6-4fda-a211-5ad1bb59cda4
Picea abies,(L.) H.Karst.,gran,Tracheophyta,Pinales,Pinaceae,Picea,species,LC,LC,10.423522,63.445355,1000,1990,Accepted,Valid,FALSE,"","",f06ed729-104f-4e51-9db3-dfd9b228a1be
Pinus sylvestris,L.,furu,Tracheophyta,Pinales,Pinaceae,Pinus,species,LC,LC,10.423522,63.445355,1000,1990,Accepted,Valid,TRUE,Pinus sylvestris f. nana,"",f06ed729-104f-4e51-9db3-dfd9b228a1be
Riccia sorocarpa,Bisch.,rosettgaffelmose,Marchantiophyta,Marchantiales,Ricciaceae,Riccia,species,NE,LC,10.4235,63.4454,1414,1889,Accepted,Valid,FALSE,"","",6728c42d-c4b6-4fda-a211-5ad1bb59cda4
Diplophyllum albicans,(L.) Dumort.,stripefoldmose,Marchantiophyta,Jungermanniales,Scapaniaceae,Diplophyllum,species,NE,LC,10.4235,63.4454,1414,1895,Accepted,Valid,FALSE,"","",6728c42d-c4b6-4fda-a211-5ad1bb59cda4
Aneura pinguis,(L.) Dumort.,fettmose,Marchantiophyta,Metzgeriales,Aneuraceae,Aneura,species,NE,LC,10.4235,63.4454,1414,1897,Accepted,Valid,FALSE,"","",6728c42d-c4b6-4fda-a211-5ad1bb59cda4
Alopecurus pratensis,L.,reverumpe,Tracheophyta,Poales,Poaceae,Alopecurus,species,NE,LC,10.423522,63.445355,1000,1990,Accepted,Valid,FALSE,"",Not a synonym,f06ed729-104f-4e51-9db3-dfd9b228a1be
Alopecurus geniculatus,L.,knereverumpe,Tracheophyta,Poales,Poaceae,Alopecurus,species,NE,LC,10.423522,63.445355,1000,1990,Accepted,Valid,FALSE,"",Not a synonym,f06ed729-104f-4e51-9db3-dfd9b228a1be
Elymus caninus,L.,hundekveke,Tracheophyta,Poales,Poaceae,Elymus,species,NE,LC,10.423522,63.445355,1000,1990,Accepted,Valid,FALSE,"",Not a synonym,f06ed729-104f-4e51-9db3-dfd9b228a1be
Gagea lutea,Ker Gawl.,gullstjerne,Tracheophyta,Liliales,Liliaceae,Gagea,species,NE,LC,10.423522,63.445355,1000,1990,Accepted,Valid,FALSE,"","",f06ed729-104f-4e51-9db3-dfd9b228a1be
Viola tricolor f. alba,Sigunov,stemorsblom,Tracheophyta,Malpighiales,Violaceae,Viola,form,NE,LC,10.423522,63.445355,1000,1990,Unchecked,"",FALSE,"","",f06ed729-104f-4e51-9db3-dfd9b228a1be
Betula pendula,Roth,hengebjørk,Tracheophyta,Fagales,Betulaceae,Betula,species,LC,LC,10.423522,63.445355,1000,1990,Accepted,Valid,FALSE,"","",f06ed729-104f-4e51-9db3-dfd9b228a1be
Fumaria officinalis,L.,jordrøyk,Tracheophyta,Ranunculales,Papaveraceae,Fumaria,species,NE,LC,10.423522,63.445355,1000,1990,Accepted,Valid,FALSE,"",Not a synonym,f06ed729-104f-4e51-9db3-dfd9b228a1be
Linnaea borealis,L.,linnea,Tracheophyta,Dipsacales,Caprifoliaceae,Linnaea,species,NE,LC,10.423522,63.445355,1000,1990,Accepted,Valid,TRUE,Linnaea borealis f. arctica,"",f06ed729-104f-4e51-9db3-dfd9b228a1be
Myosotis arvensis,Hill,åkerforglemmegei,Tracheophyta,Boraginales,Boraginaceae,Myosotis,species,NE,LC,10.423522,63.445355,1000,1990,Accepted,Valid,FALSE,"",Accepted,f06ed729-104f-4e51-9db3-dfd9b228a1be
Prunella vulgaris  subsp. lanceolata,(W.P.C.Barton) Piper & Beattie,blåkoll,Tracheophyta,Lamiales,Lamiaceae,Prunella,subspecies,LC,LC,10.423522,63.445355,1000,1990,Accepted,Valid,TRUE,Prunella vulgaris f. alba,smallest ID,f06ed729-104f-4e51-9db3-dfd9b228a1be
Galeopsis tetrahit,L.,kvassdå,Tracheophyta,Lamiales,Lamiaceae,Galeopsis,species,NE,LC,10.423522,63.445355,1000,1990,Accepted,Valid,FALSE,"","",f06ed729-104f-4e51-9db3-dfd9b228a1be
Lathyrus niger,(L.) Bernh.,svarterteknapp,Tracheophyta,Fabales,Fabaceae,Lathyrus,species,LC,LC,10.423522,63.445355,1000,1990,Accepted,Valid,FALSE,"","",f06ed729-104f-4e51-9db3-dfd9b228a1be
Lathyrus vernus,(L.) Bernh.,vårerteknapp,Tracheophyta,Fabales,Fabaceae,Lathyrus,species,LC,LC,10.423522,63.445355,1000,1990,Accepted,Valid,FALSE,"","",f06ed729-104f-4e51-9db3-dfd9b228a1be
Trifolium medium,L.,skogkløver,Tracheophyta,Fabales,Fabaceae,Trifolium,species,NE,LC,10.423522,63.445355,1000,1990,Accepted,Valid,TRUE,Trifolium medium var. majus,"",f06ed729-104f-4e51-9db3-dfd9b228a1be
Sedum annuum  subsp. gussonei,Brullo & Spamp.,småbergknapp,Tracheophyta,Saxifragales,Crassulaceae,Sedum,subspecies,NE,LC,10.423522,63.445355,1000,1990,Accepted,Valid,FALSE,"",Not a synonym,f06ed729-104f-4e51-9db3-dfd9b228a1be
Potentilla crantzii,(Crantz) Fritsch,flekkmure,Tracheophyta,Rosales,Rosaceae,Potentilla,species,NE,LC,10.423522,63.445355,1000,1990,Accepted,Valid,FALSE,"",Accepted,f06ed729-104f-4e51-9db3-dfd9b228a1be
Geum rivale,L.,enghumleblom,Tracheophyta,Rosales,Rosaceae,Geum,species,LC,LC,10.423522,63.445355,1000,1990,Accepted,Valid,TRUE,Geum rivale f. rivale,"",f06ed729-104f-4e51-9db3-dfd9b228a1be
Angelica sylvestris,L.,sløke,Tracheophyta,Apiales,Apiaceae,Angelica,species,LC,LC,10.423522,63.445355,1000,1990,Accepted,Valid,FALSE,"","",f06ed729-104f-4e51-9db3-dfd9b228a1be
Salix caprea f. pendula,(T.Lang) Geerinck,selje,Tracheophyta,Malpighiales,Salicaceae,Salix,form,LC,LC,10.423522,63.445355,1000,1990,Unchecked,"",FALSE,"",smallest ID,f06ed729-104f-4e51-9db3-dfd9b228a1be
Barbarea stricta,Andrz.,stakekarse,Tracheophyta,Brassicales,Brassicaceae,Barbarea,species,NE,LC,10.423522,63.445355,1000,1990,Accepted,Valid,FALSE,"",Not a synonym,f06ed729-104f-4e51-9db3-dfd9b228a1be
Alliaria petiolata,(M.Bieb.) Cavara & Grande,løkurt,Tracheophyta,Brassicales,Brassicaceae,Alliaria,species,NE,LC,10.4245,63.444,71,2009,Accepted,Valid,FALSE,"","",d29d79fd-2dc4-4ef5-89b8-cdf66994de0d
Stellaria graminea,L.,grasstjerneblom,Tracheophyta,Caryophyllales,Caryophyllaceae,Stellaria,species,NE,LC,10.423522,63.445355,1000,1990,Accepted,Valid,FALSE,"","",f06ed729-104f-4e51-9db3-dfd9b228a1be
Silene dioica,(L.) Clairv.,rød jonsokblom,Tracheophyta,Caryophyllales,Caryophyllaceae,Silene,species,NE,LC,10.423522,63.445355,1000,1990,Accepted,Valid,FALSE,"","",f06ed729-104f-4e51-9db3-dfd9b228a1be
Antennaria dioica,(L.) Gaertn.,kattefot,Tracheophyta,Asterales,Asteraceae,Antennaria,species,NE,LC,10.423522,63.445355,1000,1990,Accepted,Valid,FALSE,"","",f06ed729-104f-4e51-9db3-dfd9b228a1be
Arctium minus,Schkuhr,småborre,Tracheophyta,Asterales,Asteraceae,Arctium,species,NE,LC,10.423522,63.445355,1000,1990,Accepted,Valid,FALSE,"",smallest ID,f06ed729-104f-4e51-9db3-dfd9b228a1be
Taraxacum officinale,F.H.Wigg.,,Tracheophyta,Asterales,Asteraceae,Taraxacum,species,NE,,10.423274,63.444563,8,2021,Accepted,Valid,FALSE,"","",50c9509d-22c7-4a22-a47d-8c48425ef4a7
Solenostoma obovatum,(Nees) R.M.Schust.,sprikesleivmose,Marchantiophyta,Jungermanniales,Solenostomataceae,Solenostoma,species,NE,LC,10.4235,63.4454,1414,1895,Accepted,Valid,FALSE,"",Accepted,6728c42d-c4b6-4fda-a211-5ad1bb59cda4
Plagiothecium undulatum,(Hedw.) Schimp.,kystjamnemose,Bryophyta,Hypnales,Plagiotheciaceae,Plagiothecium,species,NE,LC,10.4235,63.4454,1414,1888,Accepted,Valid,FALSE,"","",6728c42d-c4b6-4fda-a211-5ad1bb59cda4
Empetrum nigrum  subsp. hermaphroditum,(Hagerup) Böcher,fjellkrekling,Tracheophyta,Ericales,Ericaceae,Empetrum,subspecies,,LC,10.423522,63.445355,1000,1990,Accepted,Valid,TRUE,Empetrum hermaphroditum,"",f06ed729-104f-4e51-9db3-dfd9b228a1be
Persicaria maculosa,Gray,hønsegras,Tracheophyta,Caryophyllales,Polygonaceae,Persicaria,species,LC,LC,10.423522,63.445355,1000,1990,Accepted,Valid,TRUE,Persicaria maculosa var. argentea,"",f06ed729-104f-4e51-9db3-dfd9b228a1be
Juncus gerardii,Loisel.,saltsiv,Tracheophyta,Poales,Juncaceae,Juncus,species,NE,LC,10.423522,63.445355,1000,1990,Accepted,Valid,FALSE,"","",f06ed729-104f-4e51-9db3-dfd9b228a1be
Juncus bufonius,L.,paddesiv,Tracheophyta,Poales,Juncaceae,Juncus,species,LC,LC,10.423522,63.445355,1000,1990,Accepted,Valid,TRUE,Juncus bufonius f. alpinus,smallest ID,f06ed729-104f-4e51-9db3-dfd9b228a1be
Epilobium angustifolium,L.,geitrams,Tracheophyta,Myrtales,Onagraceae,Epilobium,species,NE,LC,10.423522,63.445355,1000,1990,Accepted,Valid,TRUE,Chamaenerion angustifolium,"",f06ed729-104f-4e51-9db3-dfd9b228a1be
Solidago virgaurea,L.,gullris,Tracheophyta,Asterales,Asteraceae,Solidago,species,NE,LC,10.423522,63.445355,1000,1990,Accepted,Valid,FALSE,"",Accepted,f06ed729-104f-4e51-9db3-dfd9b228a1be
Viola riviniana,Rchb.,skogfiol,Tracheophyta,Malpighiales,Violaceae,Viola,species,NE,LC,10.423522,63.445355,1000,1990,Accepted,Valid,FALSE,"","",f06ed729-104f-4e51-9db3-dfd9b228a1be
Melampyrum sylvaticum,L.,småmarimjelle,Tracheophyta,Lamiales,Orobanchaceae,Melampyrum,species,NE,LC,10.423522,63.445355,1000,1990,Accepted,Valid,FALSE,"",Accepted,f06ed729-104f-4e51-9db3-dfd9b228a1be
Hymenostylium recurvirostrum,(Hedw.) Dixon,sprungemose,Bryophyta,Pottiales,Pottiaceae,Hymenostylium,species,NE,LC,10.4235,63.4454,1414,1888,Accepted,Valid,FALSE,"","",6728c42d-c4b6-4fda-a211-5ad1bb59cda4
Plagiomnium cuspidatum,(Hedw.) T.J.Kop.,broddfagermose,Bryophyta,Bryales,Mniaceae,Plagiomnium,species,NE,LC,10.4235,63.4454,1414,1888,Accepted,Valid,FALSE,"","",6728c42d-c4b6-4fda-a211-5ad1bb59cda4
Sciuro-hypnum starkii,(Brid.) Ignatov & Huttunen,strølundmose,Bryophyta,Hypnales,Brachytheciaceae,Sciuro-hypnum,species,NE,LC,10.4235,63.4454,1414,1894,Accepted,Valid,FALSE,"","",6728c42d-c4b6-4fda-a211-5ad1bb59cda4
Homalia trichomanoides,(Hedw.) Schimp.,glansmose,Bryophyta,Hypnales,Neckeraceae,Homalia,species,NE,LC,10.4235,63.4454,1414,1894,Accepted,Valid,FALSE,"","",6728c42d-c4b6-4fda-a211-5ad1bb59cda4
Niphotrichum canescens  subsp. latifolium,(Lange & C.E.O.Jensen) Bednarek-Ochyra & Ochyra,,Bryophyta,Grimmiales,Grimmiaceae,Niphotrichum,subspecies,,,10.4235,63.4454,1414,,Accepted,Valid,FALSE,"","",6728c42d-c4b6-4fda-a211-5ad1bb59cda4
Rosa subcanina,(Christ) Vuk.,snau mellomnype,Tracheophyta,Rosales,Rosaceae,Rosa,species,NE,LC,10.4235,63.4454,1414,1923,Accepted,Valid,FALSE,"",Not a synonym,d29d79fd-2dc4-4ef5-89b8-cdf66994de0d
Myosotis ramosissima,Rochel,bakkeforglemmegei,Tracheophyta,Boraginales,Boraginaceae,Myosotis,species,NE,LC,10.42185,63.445276,25,2012,Accepted,Valid,FALSE,"","",b124e1e0-4755-430f-9eab-894f25a9b59c
Cololejeunea calcarea,(Lib.) Stephani,spindelmose,Marchantiophyta,Porellales,Lejeuneaceae,Cololejeunea,species,NE,LC,10.4235,63.4454,1414,1897,Accepted,Valid,FALSE,"","",6728c42d-c4b6-4fda-a211-5ad1bb59cda4
Melampyrum pratense,L.,stormarimjelle,Tracheophyta,Lamiales,Orobanchaceae,Melampyrum,species,NE,LC,10.423522,63.445355,1000,1990,Accepted,Valid,FALSE,"","",f06ed729-104f-4e51-9db3-dfd9b228a1be
Viola ruppii,Hegetschw.,,Tracheophyta,Malpighiales,Violaceae,Viola,species,,,10.423522,63.445355,1000,1990,Unchecked,"",FALSE,"",smallest ID,f06ed729-104f-4e51-9db3-dfd9b228a1be
Hymenoloma crispulum,(Hedw.) Ochyra,krusputemose,Bryophyta,Scouleriales,Rhabdoweisiaceae,Hymenoloma,species,NE,LC,10.4235,63.4454,1414,1888,Accepted,Valid,FALSE,"","",6728c42d-c4b6-4fda-a211-5ad1bb59cda4
Polygonum aviculare,L.,tungras,Tracheophyta,Caryophyllales,Polygonaceae,Polygonum,species,NE,LC,10.423522,63.445355,1000,1990,Accepted,Valid,FALSE,"","",f06ed729-104f-4e51-9db3-dfd9b228a1be
Ptychostomum intermedium,(Brid.) J.R.Spence,sneivrangmose,Bryophyta,Bryales,Bryaceae,Ptychostomum,species,NE,LC,10.4235,63.4454,1414,1890,Accepted,Valid,FALSE,"","",6728c42d-c4b6-4fda-a211-5ad1bb59cda4
Pilosella,Hill,skjesveve,Tracheophyta,Asterales,Asteraceae,Pilosella,genus,NE,NE,10.4216,63.4452,7,2008,Accepted,Valid,FALSE,"","",d29d79fd-2dc4-4ef5-89b8-cdf66994de0d
Orthotrichum pumilum,Sw.,taggbustehette,Bryophyta,Orthotrichales,Orthotrichaceae,Orthotrichum,species,NE,LC,10.4235,63.4454,1414,1894,Accepted,Valid,TRUE,Orthotrichum schimperi,"",6728c42d-c4b6-4fda-a211-5ad1bb59cda4
Tortula hoppeana,(Schultz) Ochyra,setertustmose,Bryophyta,Pottiales,Pottiaceae,Tortula,species,NE,LC,10.4235,63.4454,1414,1890,Accepted,Valid,FALSE,"","",6728c42d-c4b6-4fda-a211-5ad1bb59cda4
Brassica rapa,L.,bondekål,Tracheophyta,Brassicales,Brassicaceae,Brassica,species,NE,LC,10.423522,63.445355,1000,1990,Accepted,Valid,TRUE,Brassica rapa f. alba,"",f06ed729-104f-4e51-9db3-dfd9b228a1be
Equisetum arvense,L.,åkersnelle,Tracheophyta,Equisetales,Equisetaceae,Equisetum,species,LC,LC,10.423522,63.445355,1000,1990,Accepted,Valid,TRUE,Equisetum arvense f. nanum,smallest ID,f06ed729-104f-4e51-9db3-dfd9b228a1be
Barbarea sicula,C.Presl,,Tracheophyta,Brassicales,Brassicaceae,Barbarea,species,LC,,10.423522,63.445355,1000,1990,Accepted,Valid,TRUE,Barbarea vulgaris var. sicula,smallest ID,f06ed729-104f-4e51-9db3-dfd9b228a1be
Cardamine pratensis,L.,engkarse,Tracheophyta,Brassicales,Brassicaceae,Cardamine,species,NE,LC,10.423522,63.445355,1000,1990,Accepted,Valid,FALSE,"","",f06ed729-104f-4e51-9db3-dfd9b228a1be
Rhizomnium punctatum,(Hedw.) T.J.Kop.,bekkerundmose,Bryophyta,Bryales,Mniaceae,Rhizomnium,species,NE,LC,10.4235,63.4454,1414,1888,Accepted,Valid,FALSE,"","",6728c42d-c4b6-4fda-a211-5ad1bb59cda4
Leontodon,L.,,Tracheophyta,Asterales,Asteraceae,Leontodon,genus,NE,,10.423522,63.445355,1000,1990,Accepted,Valid,FALSE,"","",f06ed729-104f-4e51-9db3-dfd9b228a1be
Deschampsia cespitosa,(L.) P.Beauv.,kvassbunke,Tracheophyta,Poales,Poaceae,Deschampsia,species,NE,LC,10.423522,63.445355,1000,1990,Accepted,Valid,FALSE,"","",f06ed729-104f-4e51-9db3-dfd9b228a1be
Valeriana sambucifolia  subsp. sambucifolia f. dageletiana,(Nakaj. ex Maekawa) Hara,storvendelrot,Tracheophyta,Dipsacales,Caprifoliaceae,Valeriana,form,,LC,10.423522,63.445355,1000,1990,Accepted,Valid,FALSE,"","",f06ed729-104f-4e51-9db3-dfd9b228a1be
Vaccinium uliginosum,L.,blokkebær,Tracheophyta,Ericales,Ericaceae,Vaccinium,species,NE,LC,10.423522,63.445355,1000,1990,Accepted,Valid,FALSE,"","",f06ed729-104f-4e51-9db3-dfd9b228a1be
Arenaria serpyllifolia,L.,sandarve,Tracheophyta,Caryophyllales,Caryophyllaceae,Arenaria,species,NE,LC,10.423522,63.445355,1000,1990,Accepted,Valid,FALSE,"","",f06ed729-104f-4e51-9db3-dfd9b228a1be
Gemmabryum caespiticium,(Hedw.) J.R.Spence,,Bryophyta,Bryales,Bryaceae,Gemmabryum,species,NE,,10.4235,63.4454,1414,1889,Accepted,Valid,FALSE,"","",6728c42d-c4b6-4fda-a211-5ad1bb59cda4
Asplenium trichomanes,L.,svartburkne,Tracheophyta,Polypodiales,Aspleniaceae,Asplenium,species,NE,LC,10.423522,63.445355,1000,1990,Accepted,Valid,FALSE,"","",f06ed729-104f-4e51-9db3-dfd9b228a1be
Serpoleskea confervoides,(Brid.) Loeske,bustkrypmose,Bryophyta,Hypnales,Plagiotheciaceae,Serpoleskea,species,NE,LC,10.4235,63.4454,1414,1894,Unchecked,"",FALSE,"","",6728c42d-c4b6-4fda-a211-5ad1bb59cda4
Archidium alternifolium,(Dicks. ex Hedw.) Mitt.,sporemose,Bryophyta,Archidiales,Archidiaceae,Archidium,species,NE,VU,10.4235,63.4454,1414,1896,Accepted,Valid,FALSE,"","",6728c42d-c4b6-4fda-a211-5ad1bb59cda4
Dicranum fuscescens  var. flexicaule,(Brid.) Wilson,lyngsigd,Bryophyta,Dicranales,Dicranaceae,Dicranum,variety,NE,LC,10.4235,63.4454,1414,1888,Accepted,Valid,TRUE,Dicranum flexicaule,"",6728c42d-c4b6-4fda-a211-5ad1bb59cda4
Rumex stenophyllus,Ledeb.,krushøymol,Tracheophyta,Caryophyllales,Polygonaceae,Rumex,species,NE,LC,10.423522,63.445355,1000,1990,Accepted,Valid,TRUE,Rumex crispus var. dentatus,"",f06ed729-104f-4e51-9db3-dfd9b228a1be
Oxalis acetosella,L.,gjøkesyre,Tracheophyta,Oxalidales,Oxalidaceae,Oxalis,species,NE,LC,10.423522,63.445355,1000,1990,Accepted,Valid,TRUE,Oxalis acetosella f. rosea,"",f06ed729-104f-4e51-9db3-dfd9b228a1be
Sonchus oleraceus,L.,haredylle,Tracheophyta,Asterales,Asteraceae,Sonchus,species,NE,LC,10.423522,63.445355,1000,1990,Accepted,Valid,TRUE,Sonchus oleraceus var. asper,"",f06ed729-104f-4e51-9db3-dfd9b228a1be
Alleniella complanata,"(Hedw.) S.Olsson, Enroth & D.Quandt",flatfellmose,Bryophyta,Hypnales,Neckeraceae,Alleniella,species,NE,LC,10.4235,63.4454,1414,1888,Accepted,Valid,FALSE,"","",6728c42d-c4b6-4fda-a211-5ad1bb59cda4
Metzgeria furcata,(L.) Corda,gulband,Marchantiophyta,Metzgeriales,Metzgeriaceae,Metzgeria,species,NE,LC,10.4235,63.4454,1414,1888,Accepted,Valid,FALSE,"","",6728c42d-c4b6-4fda-a211-5ad1bb59cda4
Ptychostomum knowltonii,(Barnes) J.R.Spence,strandvrangmose,Bryophyta,Bryales,Bryaceae,Ptychostomum,species,NE,VU,10.4235,63.4454,1414,1888,Accepted,Valid,FALSE,"","",6728c42d-c4b6-4fda-a211-5ad1bb59cda4
Imbribryum alpinum,(Huds. ex With.) N.Pedersen,koppervrangmose,Bryophyta,Bryales,Bryaceae,Imbribryum,species,NE,LC,10.4235,63.4454,1414,1888,Accepted,Valid,FALSE,"","",6728c42d-c4b6-4fda-a211-5ad1bb59cda4
Chiloscyphus pallescens,(Ehrh. ex Hoffm.) Dumort.,bleikblonde,Marchantiophyta,Jungermanniales,Lophocoleaceae,Chiloscyphus,species,NE,LC,10.4235,63.4454,1414,1895,Accepted,Valid,FALSE,"","",6728c42d-c4b6-4fda-a211-5ad1bb59cda4
Rosulabryum elegans,(Nees) Ochyra,,Bryophyta,Bryales,Bryaceae,Rosulabryum,species,NE,,10.4235,63.4454,1414,1890,Accepted,Valid,FALSE,"","",6728c42d-c4b6-4fda-a211-5ad1bb59cda4
Scapania cuspiduligera,(Nees) K.Müller,spriketvebladmose,Marchantiophyta,Jungermanniales,Scapaniaceae,Scapania,species,NE,LC,10.4235,63.4454,1414,1895,Accepted,Valid,FALSE,"","",6728c42d-c4b6-4fda-a211-5ad1bb59cda4
Brachytheciastrum velutinum,(Hedw.) Ignatov & Huttunen,fløyelslundmose,Bryophyta,Hypnales,Brachytheciaceae,Brachytheciastrum,species,NE,LC,10.4235,63.4454,1414,1895,Accepted,Valid,FALSE,"","",6728c42d-c4b6-4fda-a211-5ad1bb59cda4
Dicranum polysetum,Sw.,krussigd,Bryophyta,Dicranales,Dicranaceae,Dicranum,species,NE,LC,10.4235,63.4454,1414,1888,Accepted,Valid,FALSE,"",Accepted,6728c42d-c4b6-4fda-a211-5ad1bb59cda4
Primula vulgaris,Huds.,marianøkleblom,Tracheophyta,Ericales,Primulaceae,Primula,species,NE,VU,10.4235,63.4454,1414,1892,Accepted,Valid,TRUE,Primula veris var. acaulis,smallest ID,d29d79fd-2dc4-4ef5-89b8-cdf66994de0d
Silene uniflora,Roth,strandsmelle,Tracheophyta,Caryophyllales,Caryophyllaceae,Silene,species,NE,LC,10.423522,63.445355,1000,1990,Accepted,Valid,FALSE,"","",f06ed729-104f-4e51-9db3-dfd9b228a1be
Aria edulis,M.Roem.,sølvasal,Tracheophyta,Rosales,Rosaceae,Aria,species,NE,NT,10.4225,63.4449,71,2004,Accepted,Valid,FALSE,"",Accepted,e45c7d91-81c6-4455-86e3-2965a5739b1f
Amblyodon dealbatus,(Sw. ex Hedw.) Bruch & Schimp.,stakemose,Bryophyta,Splachnales,Meesiaceae,Amblyodon,species,NE,LC,10.4235,63.4454,1414,1888,Accepted,Valid,FALSE,"","",6728c42d-c4b6-4fda-a211-5ad1bb59cda4
Mesoptychia heterocolpos,(Thed. ex Hartm.) L. Söderstr. & Váňa,piskflik,Marchantiophyta,Jungermanniales,Jungermanniaceae,Mesoptychia,species,NE,LC,10.4235,63.4454,1414,1888,Unchecked,"",FALSE,"","",6728c42d-c4b6-4fda-a211-5ad1bb59cda4
Lejeunea cavifolia,(Ehrh.) Lindb.,glansperlemose,Marchantiophyta,Porellales,Lejeuneaceae,Lejeunea,species,NE,LC,10.4235,63.4454,1414,1889,Accepted,Valid,FALSE,"",Accepted,6728c42d-c4b6-4fda-a211-5ad1bb59cda4
Empetrum nigrum  subsp. nigrum,"",krekling,Tracheophyta,Ericales,Ericaceae,Empetrum,subspecies,,LC,10.423522,63.445355,1000,1990,Accepted,Valid,FALSE,"","",f06ed729-104f-4e51-9db3-dfd9b228a1be
Seligeria donniana,(Sm.) Müll.Hal.,holeblygmose,Bryophyta,Grimmiales,Seligeriaceae,Seligeria,species,NE,LC,10.4235,63.4454,1414,1895,Accepted,Valid,FALSE,"","",6728c42d-c4b6-4fda-a211-5ad1bb59cda4
Ranunculus ficaria,L.,vårkål,Tracheophyta,Ranunculales,Ranunculaceae,Ranunculus,species,NE,LC,10.425209,63.444074,8,2021,Accepted,Valid,TRUE,Ficaria verna,"",50c9509d-22c7-4a22-a47d-8c48425ef4a7
Betula pubescens,Ehrh.,bjørk,Tracheophyta,Fagales,Betulaceae,Betula,species,LC,LC,10.423522,63.445355,1000,1990,Accepted,Valid,TRUE,Betula pubescens var. media,"",f06ed729-104f-4e51-9db3-dfd9b228a1be
Alnus incana,(L.) Moench,gråor,Tracheophyta,Fagales,Betulaceae,Alnus,species,LC,LC,10.423522,63.445355,1000,1990,Accepted,Valid,FALSE,"","",f06ed729-104f-4e51-9db3-dfd9b228a1be
Silene vulgaris,(Moench) Garcke,hvit jonsokblom,Tracheophyta,Caryophyllales,Caryophyllaceae,Silene,species,LC,LC,10.423522,63.445355,1000,1990,Accepted,Valid,FALSE,"","",f06ed729-104f-4e51-9db3-dfd9b228a1be
Ligusticum,L.,,Tracheophyta,Apiales,Apiaceae,Ligusticum,genus,NE,,10.423522,63.445355,1000,1990,Accepted,Valid,FALSE,"","",f06ed729-104f-4e51-9db3-dfd9b228a1be
Crataegus monogyna var. rosea,(Willd.) K.Koch,hagtorn,Tracheophyta,Rosales,Rosaceae,Crataegus,variety,LC,LC,10.426,63.4444,7,2005,Unchecked,"",FALSE,"",smallest ID,d29d79fd-2dc4-4ef5-89b8-cdf66994de0d
Aria rupicola,(Syme) Mezhenskyj,bergasal,Tracheophyta,Rosales,Rosaceae,Aria,species,LC,LC,10.423522,63.445355,1000,1990,Accepted,Valid,FALSE,"","",f06ed729-104f-4e51-9db3-dfd9b228a1be
Pilosella officinarum,Vaill.,hårsveve,Tracheophyta,Asterales,Asteraceae,Pilosella,species,NE,NE,10.423522,63.445355,1000,1990,Accepted,Valid,FALSE,"",Not a synonym,f06ed729-104f-4e51-9db3-dfd9b228a1be
Dilutineuron fasciculare,"(Schrad. ex Hedw.) Bedn.-Ochyra, Sawicki, Ochyra, Szczecińska & Plášek",,Bryophyta,Grimmiales,"",Dilutineuron,species,NE,,10.4235,63.4454,1414,1888,Unchecked,"",FALSE,"","",6728c42d-c4b6-4fda-a211-5ad1bb59cda4
Lewinskya striata,"(Hedw.) F. Lara, Garilleti & Goffinet",tønnebustehette,Bryophyta,Orthotrichales,Orthotrichaceae,Lewinskya,species,NE,LC,10.4235,63.4454,1414,1888,Unchecked,"",FALSE,"","",6728c42d-c4b6-4fda-a211-5ad1bb59cda4
Lewinskya rupestris var. papillosa,"(Lewinsky) F. Lara, Garilleti & Goffinet",faksbustehette,Bryophyta,Orthotrichales,Orthotrichaceae,Lewinskya,variety,NE,LC,10.4235,63.4454,1414,1890,Unchecked,"",FALSE,"",smallest ID,6728c42d-c4b6-4fda-a211-5ad1bb59cda4
Flexitrichum flexicaule,(Schwägr.) Ignatov & Fedosov,storbust,Bryophyta,Scouleriales,Flexitrichaceae,Flexitrichum,species,NE,LC,10.4216,63.4452,1,2009,Unchecked,"",FALSE,"","",6728c42d-c4b6-4fda-a211-5ad1bb59cda4
Eurhynchiastrum diversifolium,(Schimp.) J. Guerra,"",Bryophyta,Hypnales,Brachytheciaceae,Eurhynchiastrum,species,NE,NE,10.4235,63.4454,1414,1889,Unchecked,"",FALSE,"","",6728c42d-c4b6-4fda-a211-5ad1bb59cda4
Cephaloziella rubella,(Nees) Warnst.,rødpistremose,Marchantiophyta,Jungermanniales,Cephaloziellaceae,Cephaloziella,species,NE,NE,10.4235,63.4454,1414,1895,Accepted,Valid,FALSE,"","",6728c42d-c4b6-4fda-a211-5ad1bb59cda4
Anomobryum julaceum,"(Schrad. ex P.Gaertn., B.Mey. & Scherb.) Schimp.",spiss-stråmose,Bryophyta,Bryales,Bryaceae,Anomobryum,species,NE,LC,10.4235,63.4454,1414,1888,Accepted,Valid,TRUE,Anomobryum concinnatum,"",6728c42d-c4b6-4fda-a211-5ad1bb59cda4
